doc,so_hieu,loai,co_quan,ky_tu,ty_le_dau,ngay,ngay_iso,ngay_hop_le,nguoi_ky,hoc_ham,chuc_danh,can_cu,hieu_luc,loai_hieu_luc,so_dieu,so_khoan,rac
0082,2347/QĐ-ĐHBK,QĐ,ĐHBK,33284,0.2851380828908919,ngày 14 tháng 11 năm 2018,2018-11-14,True,Đoàn Quang Vinh,PGS.TS,Hiệu trưởng,5,0,,28,91,
0093,24/2018/QH14,L,QH14,64950,0.2570728589688965,"Luật này được Quốc hội nước Cộng hòa xã hội chủ nghĩa Việt Nam khóa XIV,
kỳ họp thứ 5 thông qua ngày 12 tháng 6 năm 2018",2018-06-12,True,Nguyễn Thị Kim Ngân,,Chủ tịch,1,0,,43,164,
0153,3/2014/TT-BTTTT,TT,BTTTT,112691,0.26336493450297,Ngày 02-4-2014,2014-04-02,True,Nguyễn Bắc Son,,Bộ trưởng,2,0,,4,7,
0244,86/2015/QH13,L,QH13,61013,0.26720278006727405,"Luật này đã được Quốc hội nước Cộng hòa xã hội chủ nghĩa Việt Nam khóa XIII, kỳ họp thứ 10 thông qua ngày 19 tháng 11 năm 2015",2015-11-19,True,Giang Sơn,,Phó chủ nhiệm,1,0,,54,212,
0255,53/2022/NĐ-VP,NĐ,VP,74258,0.2649428517893948,Ngày 08-5-2023,2023-05-08,True,Vũ Đức Đam,,Phó thủ tướng,6,0,,30,155,
0277,738/QĐ-ĐHĐN,QĐ,ĐHĐN,106462,0.2892593973105485,ngày 22 tháng 01 năm 2024,2024-01-22,True,Nguyễn Ngọc Vũ,PGS.TS,Giám đốc,6,0,,3,58,
0396,60/2024/QH15,L,QH15,47770,0.28959741404642964,"Luật này được Quốc hội nước Cộng hòa xã hội chủ nghĩa Việt Nam khóa XV, kỳ họp thứ 8 thông qua ngày 30 tháng 11 năm 2024",2024-11-30,True,Trần Thanh Mẫn,,Chủ tịch,1,3,"AMENDED_BY,AMENDS",46,185,
0420,899/QĐ-BGDĐT,QĐ,BGDĐT,11132,0.26751430387794023,ngày 04 tháng 04 năm 2025,2025-04-04,True,Nguyễn Kim Sơn,,Bộ trưởng,1,0,,3,3,
0439,2453/QĐ-ĐHBK,QĐ,ĐHBK,84591,0.2874523214520584,ngày 26 tháng 6 năm 2025,2025-06-26,True,Ngụyễn Mạnh Toàn,PGS.TS,Phó giám đốc,12,1,AMENDED_BY,31,100,
0455,191/QĐ-ĐHĐN,QĐ,ĐHĐN,44023,0.2878417803107402,ngày 16 tháng 01 năm 2026,2026-01-16,True,Nguyễn Ngọc Vũ,PGS.TS,Giám đốc,3,0,,3,7,
0481,49/2026/TT-BGDĐT,TT,BGDĐT,34851,0.29461444308445534,ngày 30 tháng 06 năm 2026,2026-06-30,True,Lê Quân,,Thứ trưởng,7,0,,22,75,
0482,1866/QĐ-BGDĐT,QĐ,BGDĐT,200769,0.29197979812370445,ngày 29 tháng 06 năm 2026,2026-06-29,True,Hoàng Minh Sơn,,Bộ trưởng,11,0,,3,52,
0483,1829/QĐ-BGDĐT,QĐ,BGDĐT,47392,0.28972540461902163,ngày 26 tháng 06 năm 2026,2026-06-26,True,Hoàng Minh Sơn,,Thứ trưởng,10,0,,17,63,
0001,78/2020/NĐ-CP,NĐ,CP,38513,0.3016130193706344,ngày 06 tháng 7 năm 2020,2020-07-06,True,Nguyễn Xuân Phúc,,Thủ tướng,3,0,,27,95,
0002,79/2020/NĐ-CP,NĐ,CP,21852,0.3109174195190228,ngày 08 tháng 7 năm 2020,2020-07-08,True,Nguyễn Xuân Phúc,,Phó thủ tướng,2,0,,12,37,
0004,861/QĐ-TTG,QĐ,TTg,81347,0.21892766393068022,ngày 04 tháng 6 năm 2021,2021-06-04,True,Trương Hòa Bình,,Phó thủ tướng,3,1,REPLACES,5,0,
0005,10/2016/TT-BGDĐT,TT,BGDĐT,37719,0.2853200682618641,ngày 05 tháng 4 năm 2016,2016-04-05,True,Nguyễn Thị Nghĩa,,Thứ trưởng,5,2,AMENDS,26,98,
0006,30/2018/TT-BGDĐT,TT,BGDĐT,30213,0.2942191544434858,ngày 24 tháng 12 năm 2018,2018-12-24,True,Nguyễn Văn Phúc,,Thứ trưởng,5,2,"AMENDS,REPLACES",20,62,
0007,1325/QĐ-BGDĐT,QĐ,BGDĐT,2722,0.29956188389923327,ngày 25 tháng 4 năm 2016,2016-04-25,True,Nguyễn Thị Nghĩa,,Thứ trưởng,4,1,AMENDS,3,0,
0008,35/2011/TT-BGDĐT,TT,BGDĐT,10162,0.2952638700947226,ngày 11 tháng 8 năm 2011,2011-08-11,True,Trần Quang Quý,,Thứ trưởng,3,0,,11,24,
0009,28/VBHN-BGDĐT,VBHN,BGDĐT,12938,0.2917609046849758,Ngày 02-02-2015,2015-02-02,True,Phạm Mạnh Hùng,,Thứ trưởng,5,4,"AMENDED_BY,AMENDS",4,7,
0010,16/2015/TT-BGDĐT,TT,BGDĐT,15524,0.31307100859339665,Ngày 30-8-2015,2015-08-30,True,Nguyễn Thị Nghĩa,,Thứ trưởng,4,2,AMENDS,19,48,
0011,9/2016/TTLT-BGDĐT-BTC-BLĐTBXH,TTLT,BGDĐT-BTC-BLĐTBXH,65151,0.29836613861833633,ngày 30 tháng 3 năm 2016,2016-03-30,True,Bùi Văn Ga,,Thứ trưởng,4,4,AMENDS,9,39,
0012,2721/QĐ-ĐHĐN,QĐ,ĐHĐN,44571,0.28448407023095884,ngày 10 tháng 8 năm 2018,2018-08-10,True,Nguyễn Ngọc Vũ,PGS.TS,Giám đốc,4,0,,27,98,
0013,973/QĐ-ĐHĐN,QĐ,ĐHĐN,52709,0.28588645235662447,ngày 20 tháng 3 năm 2020,2020-03-20,True,Nguyễn Ngọc Vũ,PGS.TS,Giám đốc,5,1,AMENDED_BY,30,120,
0014,3758/QĐ-ĐHĐN,QĐ,ĐHĐN,17355,0.30487119813819114,ngày 04 tháng 4 năm 1994,1994-04-04,True,Ngô Văn Dưỡng,PGS.TS,Phó giám đốc,3,0,,19,35,
0015,2900/QĐ-ĐHĐN,QĐ,ĐHĐN,22622,0.3026023198509526,ngày 27 tháng 8 năm 2020,2020-08-27,True,Ngô Văn Dưỡng,PGS.TS,Phó giám đốc,4,0,,21,46,
0017,1001/QĐ-ĐHBK,QĐ,ĐHBK,62990,0.28134931942222124,ngày 16 tháng 4 năm 2021,2021-04-16,True,Đoàn Quang Vinh,PGS.TS,Hiệu trưởng,8,1,AMENDED_BY,32,157,
0018,1414/QĐ-ĐHBK,QĐ,ĐHBK,18961,0.29086972212197765,ngày 14 tháng 5 năm 2021,2021-05-14,True,Bách Xhoa,,Hiệu trưởng,6,1,REPLACES,18,49,
0062,2231/QĐ-ĐHBK,QĐ,ĐHBK,32055,0.2787368600974276,ngày 10 tháng 9 năm 2021,2021-09-10,True,Đoàn Quang Vinh,PGS.TS,Hiệu trưởng,10,0,,21,81,
0069,1216/QĐ-ĐHBK,QĐ,ĐHBK,85296,0.27854739929267663,ngày 22 tháng 4 năm 2022,2022-04-22,True,Đoàn Quang Vinh,PGS.TS,Hiệu trưởng,9,0,,3,65,
0070,1088/QĐ-ĐHBK,QĐ,ĐHBK,3172,0.31897341888175984,ngày 13 tháng 4 năm 2022,2022-04-13,True,Đoàn Quang Vinh,PGS.TS,Hiệu trưởng,10,0,,3,2,
0074,3337/QĐ-ĐHBK,QĐ,ĐHBK,34725,0.29296377020191633,ngày 14 tháng 12 năm 2021,2021-12-14,True,Đoàn Quang Vinh,PGS.TS,Hiệu trưởng,7,0,,19,52,
0095,78/2015/QH13,L,QH13,47050,0.29277599766967666,"Luật này đã được Quốc hội nước Cộng hòa xã hội chủ nghĩa Việt Nam khóa XIII, kỳ họp thứ 9 thông qua ngày 19 tháng 6 năm 2015",2015-06-19,True,Giang Sơn,,Phó chủ nhiệm,1,0,,62,160,
0124,5/2022/QĐ-TTG,QĐ,TTg,4181,0.2911032028469751,ngày 23 tháng 3 năm 2022,2022-03-23,True,Lê Minh Khái,,Phó thủ tướng,6,1,AMENDS,3,9,
0190,7/2022/TT-BGDĐT,TT,BGDĐT,25463,0.2820390155743369,ngày 23 tháng 5 năm 2022,2022-05-23,True,Ngô Thị Minh,,Thứ trưởng,3,1,REPLACES,15,64,
0209,57/2020/QH14,L,QH14,30484,0.2712375635888894,"Luật này được Quốc hội nước Cộng hòa xã hội chủ nghĩa Việt Nam khóa XIV, kỳ họp thứ 9 thông qua ngày 16 tháng 6 năm 2020",2020-06-16,True,Nguyễn Thị Kim Ngân,,Chủ tịch,1,0,,41,147,
0250,33/2018/TT-BGDĐT,TT,BGDĐT,31358,0.2967871693053478,ngày 10 tháng 2 năm 2019,2019-02-10,True,Nguyễn Thị Nghĩa,,Thứ trưởng,6,0,,19,66,
0253,27/2009/TT-BGDĐT,TT,BGDĐT,12316,0.27793361383824217,ngày 19 tháng 10 năm 2009,2009-10-19,True,Nguyễn Vinh Hiển,,Thứ trưởng,4,1,REPLACES,15,47,
0409,4420/QĐ-ĐHBK,QĐ,ĐHBK,18963,0.29113372093023254,ngày 23 tháng 10 năm 2024,2024-10-23,True,Nguyễn Hữu Hiếu,PGS.TS,Hiệu trưởng,8,0,,22,80,
0065,2673/QĐ-ĐHBK,QĐ,ĐHBK,53990,0.301210345266913,ngày 20 tháng 10 năm 2021,2021-10-20,True,Đoàn Quang Vinh,PGS.TS,Hiệu trưởng,10,0,,41,125,
0085,1425/QĐ-ĐHĐN,QĐ,ĐHĐN,15091,0.30556579432362696,ngày 26 tháng 4 năm 2018,2018-04-26,True,Trần Văn Nam,GS.TS,Giám đốc,7,0,,15,59,
0097,49/2014/QH13,L,QH13,137763,0.31325228875881733,"Luật này đã được Quốc hội nước Cộng hòa xã hội chủ nghĩa Việt Nam khóa XIII, kỳ họp thứ 7 thông qua ngày 18 tháng 6 năm 2014",2014-06-18,True,Nguyễn Sinh Hùng,,Chủ tịch,1,0,,107,466,
0102,39/2019/QH14,L,QH14,118295,0.3109634705310431,"Luật này được Quốc hội nước Cộng hòa xã hội chủ nghĩa Việt Nam khóa XIV,
kỳ họp thứ thông qua ngày 13 tháng 6 năm 2019",2019-06-13,True,Phạm Thanh Hà,,Phó chủ nhiệm,1,3,"AMENDED_BY,AMENDS",101,451,
0136,37/2015/NĐ-CP,NĐ,CP,90819,0.2954153791300214,Ngày 06-5-2015,2015-05-06,True,Nguyễn Tấn Dũng,,Thủ tướng,2,1,AMENDS,54,183,
0138,89/2013/NĐ-CP,NĐ,CP,43723,0.2978962131837307,Ngày 18-8-2013,2013-08-18,True,Nguyễn Tấn Dũng,,Thủ tướng,3,1,REPEALS,35,99,
0236,4627/QĐ-BGDĐT,QĐ,BGDĐT,4086,0.29684456564082584,ngày 29 tháng 12 năm 2022,2022-12-29,True,Phạm Ngọc Thưởng,,Thứ trưởng,3,0,,3,2,
0249,6/2022/TT-BGDĐT,TT,BGDĐT,17882,0.2905850445563735,ngày 11 tháng 5 năm 2022,2022-05-11,True,Ngô Thị Minh,,Thứ trưởng,6,0,,13,41,
0278,1092/QĐ-ĐHBK,QĐ,ĐHBK,46844,0.2994883788919749,ngày 25 tháng 3 năm 2024,2024-03-25,True,Nguyễn Hữu Hiếu,PGS.TS,Hiệu trưởng,20,2,"REPEALS,REPLACES",35,128,
0365,2652/QĐ-ĐHBK,QĐ,ĐHBK,15524,0.28556191214971394,ngày 01 tháng 7 năm 2024,2024-07-01,True,Nguyễn Hữu Hiếu,PGS.TS,Hiệu trưởng,6,1,REPLACES,3,9,
0371,2968/QĐ-BGDĐT,QĐ,BGDĐT,10814,0.31587635054021607,ngày 18 tháng 10 năm 2024,2024-10-18,True,Nguyễn Kim Sơn,,Bộ trưởng,6,0,,3,9,
0397,37/2024/QH15,L,QH15,62263,0.3117743862575802,"Luật này được Quốc hội nước Cộng hòa xã hội chủ nghĩa Việt Nam khóa XV, kỳ họp thứ 7 thông qua ngày 27 tháng 6 năm 2024",2024-06-27,True,Trần Thanh Mẫn,,Chủ tịch,1,2,"AMENDED_BY,AMENDS",5,90,
0401,58/2024/QH15,L,QH15,148337,0.31123078649164143,"Luật này được Quốc hội nước Cộng hòa xã hội chủ nghĩa Việt Nam khóa XV,
kỳ họp thứ 8 thông qua ngày 29 tháng 11 năm 2024",2024-11-29,True,Trần Thanh Mẫn,,Chủ tịch,1,5,"AMENDED_BY,AMENDS",103,487,
0403,57/2024/QH15,L,QH15,83578,0.3009361932655031,"Luật này được Quốc hội nước Cộng hòa xã hội chủ nghĩa Việt Nam khóa XV, kỳ họp thứ 8 thông qua ngày 29 tháng 11 năm 2024",2024-11-29,True,Trần Thanh Mẫn,,Chủ tịch,1,5,"AMENDED_BY,AMENDS,REPEALS",6,136,
0419,830/QĐ-BGDĐT,QĐ,BGDĐT,36619,0.3230823926762066,ngày 28 tháng 03 năm 2025,2025-03-28,True,Lê Tấn Dũng,,Thứ trưởng,4,0,,3,2,
0444,3868/QĐ-ĐHBK,QĐ,ĐHBK,20965,0.2899568785644735,ngày 05 tháng 8 năm 2025,2025-08-05,True,Nguyễn Hữu Hiếu,PGS.TS,Hiệu trưởng,11,1,REPLACES,3,9,
0051,905/QĐ-ĐHBK,QĐ,ĐHBK,19114,0.2833536018313184,ngày 31 tháng 8 năm 2017,2017-08-31,True,Lê Kim Hùng,GS.TS,Hiệu trưởng,0,0,,28,81,
0052,1474/QĐ-ĐHBK,QĐ,ĐHBK,17428,0.28544776119402987,ngày 21 tháng 11 năm 2019,2019-11-21,True,Đoàn Quang Vinh,PGS.TS,Hiệu trưởng,7,0,,20,26,
0053,1475/QĐ-ĐHBK,QĐ,ĐHBK,19276,0.28536397393680374,ngày 21 tháng 5 năm 2021,2021-05-21,True,Đoàn Quang Vinh,PGS.TS,Hiệu trưởng,7,0,,17,38,
0077,2352/QĐ-ĐHBK,QĐ,ĐHBK,17248,0.28529690461149715,ngày 04/04/1994,1994-04-04,True,Đoàn Quang Vinh,PGS.TS,Hiệu trưởng,7,1,AMENDED_BY,24,52,
0078,2533/QĐ-ĐHBK,QĐ,ĐHBK,26103,0.29116181484395487,ngày 12 tháng 10 năm 2021,2021-10-12,True,Đoàn Quang Vinh,PGS.TS,Hiệu trưởng,6,1,REPLACES,18,46,
0157,4653/QĐ-ĐHĐN,QĐ,ĐHĐN,10600,0.2884296466386019,ngày 23 tháng 12 năm 2020,2020-12-23,True,Nguyễn Ngọc Vũ,PGS.TS,Giám đốc,4,1,REPLACES,12,21,
0232,14/2023/TT-BGDĐT,TT,BGDĐT,20417,0.29065597975110735,ngày 17 tháng 07 năm 2023,2023-07-17,True,Phạm Ngọc Thưởng,,Thứ trưởng,5,0,,10,32,
0477,1099/QĐ-BGDĐT,QĐ,BGDĐT,27626,0.28230279375513556,ngày 07 tháng 5 năm 2026,2026-05-07,True,Lê Quân,,Thứ trưởng,8,1,REPLACES,24,74,
0493,61/2026/TT-BGDĐT,TT,BGDĐT,23330,0.29368366554491326,ngày 17 tháng 07 năm 2026,2026-07-17,True,Lê Quân,,Thứ trưởng,4,0,,14,47,
0064,3646/QĐ-ĐHBK,QĐ,ĐHBK,47890,0.2977398062691088,ngày 31 tháng 12 năm 2021,2021-12-31,True,Đoàn Quang Vinh,PGS.TS,Hiệu trưởng,11,1,REPLACES,41,109,
0133,86/2018/NĐ-CP,NĐ,CP,166807,0.306258443050991,ngày 06 tháng 6 năm 2018,2018-06-06,True,Nguyễn Xuân Phúc,,Thủ tướng,8,2,"AMENDS,REPLACES",88,399,
0184,1489/QĐ-ĐHĐN,QĐ,ĐHĐN,96372,0.27888282757677524,ngày 06 tháng 5 năm 2020,2020-05-06,True,Lê Quang Sơn,PGS.TS,Phó giám đốc,8,1,REPLACES,51,217,
0233,2268/QĐ-ĐHĐN,QĐ,ĐHĐN,56364,0.29197516431558984,ngày 01 tháng 6 năm 2023,2023-06-01,True,Lê Quang Sơn,PGS.TS,Phó giám đốc,13,1,REPLACES,35,114,
0322,1787/ĐHĐN-KHHTQT,CV,ĐHĐN,5307,0.30947238506633756,ngày 13 tháng 5 năm 2024,2024-05-13,True,Lê Quang Sơn,PGS.TS,Phó giám đốc,1,0,,0,0,
0429,1899/QĐ-ĐHĐN,QĐ,ĐHĐN,58435,0.29874312080940135,ngày 21 tháng 5 năm 2025,2025-05-21,True,Nguyễn Ngọc Vũ,PGS.TS,Giám đốc,17,5,"AMENDS,REPLACES",37,103,
0450,25/2025/TT-BGDĐT,TT,BGDĐT,25577,0.31282586027111575,ngày 28 tháng 11 năm 2025,2025-11-28,True,Lê Quân,,Thứ trưởng,3,1,REPLACES,15,60,
0045,1404/QĐ-ĐHBK,QĐ,ĐHBK,52735,0.28783352220047387,ngày 12 tháng 5 năm 2021,2021-05-12,True,Đoàn Quang Vinh,PGS.TS,Hiệu trưởng,7,0,,43,134,
0046,1121/QĐ-ĐHBK,QĐ,ĐHBK,9297,0.3000170852554246,ngày 15 tháng 6 năm 2020,2020-06-15,True,Đoàn Quang Vinh,PGS.TS,Hiệu trưởng,4,0,,3,6,
0047,1250/QĐ-ĐHBK,QĐ,ĐHBK,24315,0.29023276534135206,ngày 29 tháng 4 năm 2021,2021-04-29,True,Đoàn Quang Vinh,PGS.TS,Hiệu trưởng,6,0,,17,49,
0068,493/QĐ-ĐHBK,QĐ,ĐHBK,31590,0.30430174863914444,ngày 22 tháng 02 năm 2022,2022-02-22,True,Đoàn Quang Vinh,PGS.TS,Hiệu trưởng,7,1,AMENDED_BY,16,51,
0117,76/2018/NĐ-CP,NĐ,CP,125798,0.2816658677440709,ngày 15 tháng 5 năm 2018,2018-05-15,True,Nguyễn Xuân Phúc,,Thủ tướng,6,2,"AMENDS,REPLACES",43,396,
0120,8/2014/NĐ-CP,NĐ,CP,80796,0.2930831765654394,ngày 27 tháng 01 năm 2014,2014-01-27,True,Nguyễn Tấn Dũng,,Chủ tịch,2,0,,51,169,
0134,70/2018/NĐ-CP,NĐ,CP,64553,0.2937290246322055,ngày 15 tháng 5 năm 2018,2018-05-15,True,Nguyễn Xuân Phúc,,Chủ tịch,5,0,,43,130,
0164,11/2016/TT-BGDĐT,TT,BGDĐT,93164,0.3136729222520107,Ngày 14-5-2016,2016-05-14,True,Bùi Văn Ga,,Thứ trưởng,6,1,REPLACES,52,311,
0176,4765/QĐ-ĐHĐN,QĐ,ĐHĐN,25520,0.30942910622367803,ngày 28 tháng 12 năm 2020,2020-12-28,True,Lê Quang Sơn,PGS.TS,Phó giám đốc,4,1,REPLACES,19,51,
0177,4766/QĐ-ĐHĐN,QĐ,ĐHĐN,26679,0.29150007788566384,ngày 18 tháng 6 năm 2012,2012-06-18,True,Lê Quang Sơn,PGS.TS,Phó giám đốc,5,0,,20,33,
0181,3226/QĐ-ĐHĐN,QĐ,ĐHĐN,18603,0.2892901710342803,ngày 21 tháng 9 năm 2020,2020-09-21,True,Lê Quang Sơn,PGS.TS,Phó giám đốc,6,0,,25,42,
0187,1826/QĐ-ĐHĐN,QĐ,ĐHĐN,38416,0.3295367985781131,ngày 31 tháng 5 năm 2018,2018-05-31,True,Nguyễn Ngọc Vũ,PGS.TS,Phó giám đốc,5,1,REPLACES,43,143,
0188,1214/QĐ-ĐHĐN,QĐ,ĐHĐN,23316,0.29847822811511227,ngày 17 tháng 4 năm 2018,2018-04-17,True,Nguyễn Ngọc Vũ,PGS.TS,Phó giám đốc,4,0,,14,51,
0202,2479/QĐ-ĐHBK,QĐ,ĐHBK,26913,0.28660580741657643,ngày 24 tháng 6 năm 2022,2022-06-24,True,Đoàn Quang Vinh,PGS.TS,Hiệu trưởng,8,0,,19,61,
0228,3237/QĐ-ĐHĐN,QĐ,ĐHĐN,17115,0.31232876712328766,ngày 31 tháng 7 năm 2023,2023-07-31,True,Lê Quang Sơn,PGS.TS,Phó giám đốc,8,1,REPLACED_BY,3,0,
0311,7/2017/QH14,L,QH14,74889,0.2806149082857812,"Luật này được Quốc hội nước Cộng hòa xã hội chủ nghĩa Việt Nam khóa XIV, kỳ họp thứ 3 thông qua ngày 19 tháng 6 năm 2017",2017-06-19,True,Giang Sơn,,Phó chủ nhiệm,1,0,,60,264,
0320,4960/HD-ĐHĐN,HD,ĐHĐN,35264,0.28296442537681765,ngày 23 tháng 11 năm 2023,2023-11-23,True,Lê Quang Sơn,PGS.TS,Phó giám đốc,1,1,REPLACED_BY,0,0,
0321,1773/QĐ-ĐHĐN,QĐ,ĐHĐN,36661,0.3006849580124608,ngày 10 tháng 5 năm 2024,2024-05-10,True,Lê Quang Sơn,PGS.TS,Phó giám đốc,5,0,,26,67,
0358,1749/QĐ-BGDĐT,QĐ,BGDĐT,37278,0.30090351726363346,ngày 28 tháng 6 năm 2024,2024-06-28,True,Nguyễn Thị Kim Chi,,Thứ trưởng,6,1,REPLACES,23,68,
0362,3154/QĐ-ĐHĐN,QĐ,ĐHĐN,19808,0.2978968596946125,ngày 08 tháng 8 năm 2024,2024-08-08,True,Lê Quang Sơn,PGS.TS,Phó giám đốc,9,0,,19,64,
0368,66/2014/QĐ-TTG,QĐ,TTg,15762,0.2727354990498597,ngày 25 tháng 11 năm 2014,2014-11-25,True,Nguyễn Tấn Dũng,,Thủ tướng,2,1,REPLACES,3,157,
0370,2717/QĐ-BGDĐT,QĐ,BGDĐT,16357,0.2903715612718828,ngày 02 tháng 10 năm 2024,2024-10-02,True,Nguyễn Văn Phúc,,Thứ trưởng,8,0,,3,21,
0380,15/2024/TT-BGDĐT,TT,BGDĐT,105760,0.3093970441292709,ngày 20 tháng 11 năm 2024,2024-11-20,True,Nguyễn Văn Phúc,,Thứ trưởng,7,2,"AMENDS,REPLACES",34,266,
0381,4897/QĐ-ĐHĐN,QĐ,ĐHĐN,9692,0.3202867383512545,ngày 27 tháng 11 năm 2024,2024-11-27,True,Chương Ii,,Giám đốc,4,0,,12,22,
0384,5007/QĐ-ĐHĐN,QĐ,ĐHĐN,18565,0.2985462519288557,ngày 05 tháng 12 năm 2024,2024-12-05,True,Lê Quang Sơn,PGS.TS,Phó giám đốc,9,0,,4,0,
0465,1077/QĐ-ĐHBK,QĐ,ĐHBK,47271,0.3017627552504509,ngày 06 tháng 3 năm 2026,2026-03-06,True,Nguyễn Hữu Hiếu,PGS.TS,Hiệu trưởng,8,2,"REPLACED_BY,REPLACES",3,120,
0247,23/2008/QH12,L,QH12,96996,0.29868070890663045,"Luật này đã được Quốc hội nước Cộng hòa xã hội chủ nghĩa Việt Nam khóa XII, kỳ họp thứ 4 thông qua ngày 13 tháng 11 năm 2008",2008-11-13,True,Nguyễn Phú Trọng,,Chủ tịch,1,0,,89,363,
0382,142/QĐ-TTG,QĐ,TTg,87845,0.2845641398036182,ngày 02 tháng 02 năm 2024,2024-02-02,True,Trần Lưu Quang,,Phó thủ tướng,8,0,,3,69,
0383,4268/QĐ-BGDĐT,QĐ,BGDĐT,13503,0.2843888229582479,ngày 30 tháng 12 năm 2024,2024-12-30,True,Hoàng Minh Sơn,,Thứ trưởng,4,1,AMENDS,3,13,
0398,43/2024/QH15,L,QH15,3647,0.3196095076400679,"Luật này được Quốc hội nước Cộng hòa xã hội chủ nghĩa Việt Nam khóa XV, kỳ họp thứ 7 thông qua ngày 29 tháng 6 năm 2024",2024-06-29,True,Trần Thanh Mẫn,,Chủ tịch,1,4,"AMENDS,REPEALS",5,4,
0213,1980/QĐ-ĐHBK,QĐ,ĐHBK,59480,0.2863249817117776,ngày 18 tháng 7 năm 2019,2019-07-18,True,Đoàn Quang Vinh,PGS.TS,Hiệu trưởng,5,0,,38,135,
0031,542/QĐ-ĐHBK,QĐ,ĐHBK,8547,0.29269086765424057,ngày 08 tháng 5 năm 2018,2018-05-08,True,Đoàn Quang Vinh,PGS.TS,Hiệu trưởng,4,0,,15,31,
0090,34/2018/QH14,L,QH14,79551,0.31809114090932744,"Luật này được Quốc hội nước Cộng hòa xã hội chủ nghĩa Việt Nam khóa XIV, ẵ
kỳ họp thứ 6 thông qua ngày 19 tháng 11 năm 2018",2018-11-19,True,Nguyễn Thị Kim Ngân,,Chủ tịch,1,2,"AMENDED_BY,AMENDS",3,187,
0122,28/2013/NĐ-CP,NĐ,CP,13864,0.2823061630218688,Ngày 15-04-2013,2013-04-15,True,Nguyễn Tấn Dũng,,Thủ tướng,2,0,,13,26,
0237,5166/QĐ-ĐHĐN,QĐ,ĐHĐN,17955,0.31200923787528867,ngày 28 tháng 12 năm 2022,2022-12-28,True,Nguyễn Ngọc Vũ,PGS.TS,Giám đốc,4,1,REPLACES,17,36,
0279,14/2012/QH13,L,QH13,34220,0.28552531366496975,"Luật này đã được Quốc hội nước Cộng hòa xã hội chủ nghĩa Việt Nam khóa XIII,
kỳ họp thứ 3 thông qua ngày 20 tháng 6 năm 2012",2012-06-20,True,Nguyễn Sinh Hùng,,Chủ tịch,1,1,AMENDED_BY,41,102,
0280,80/2015/QH13,L,QH13,196836,0.2945410500229719,"Luật này đã được Quốc hội nước Cộng hòa xã hội chủ nghĩa Việt Nam khóa XIII,
kỳ họp thứ 9 thông qua ngày 22 tháng 6 năm 2015",2015-06-22,True,Nguyễn Sinh Hùng,,Chủ tịch,1,0,,173,520,
0281,34/2018/QH14,L,QH14,79539,0.31772035471946963,"Luật này được Quốc hội nước Cộng hòa xã hội chủ nghĩa Việt Nam khóa XIV,
kỳ họp thứ 6 thông qua ngày 19 tháng 11 năm 2018",2018-11-19,True,Nguyễn Thị Kim Ngân,,Chủ tịch,1,2,"AMENDED_BY,AMENDS",3,187,
0283,55/2011/NĐ-CP,NĐ,CP,34089,0.28320179479988783,Ngày 14-7-2011,2011-07-14,True,Nguyễn Tấn Dũng,,Thủ tướng,3,1,REPLACES,18,77,
0284,42/2020/TT-BGDĐT,TT,BGDĐT,6651,0.29500554938956713,Ngày 23-11-2020,2020-11-23,True,Nguyễn Văn Phúc,,Thứ trưởng,2,3,"AMENDS,REPEALS",4,13,
0343,1/2011/TT-BNV,TT,BNV,103294,0.2980564380489628,ngày 11-02-2011,2011-02-11,True,Trần Văn Tuấn,,Bộ trưởng,4,1,AMENDS,20,64,
0344,4/2019/TT-BKHCN,TT,BKHCN,17190,0.2769705333225099,Ngày 16-8-2019,2019-08-16,True,Phạm Công Tạc,,Thứ trưởng,3,0,,11,54,
0345,84/2020/NĐ-CP,NĐ,CP,45799,0.29605991533702375,ngày 17 tháng 7 năm 2020,2020-07-17,True,Nguyễn Xuân Phúc,,Thủ tướng,3,5,"AMENDS,REPEALS,REPLACES",12,47,
0346,11/2020/TT-BGDĐT,TT,BGDĐT,20858,0.29735449735449737,ngày 19 tháng 05 năm 2020,2020-05-19,True,Phạm Ngọc Thường,,Thứ trưởng,6,1,REPLACES,22,57,
0347,59/2010/QH12,L,QH12,38127,0.27998286693318103,"Luật này đã được Quốc hội nước Cộng hòa xã hội chủ nghĩa Việt Nam khóa XII, kỳ họp thứ 8 thông qua ngày 17 tháng 11 năm 2010",2010-11-17,True,Nguyễn Phú Trọng,,Chủ tịch,1,0,,51,124,
0348,9/2012/QH13,L,QH13,31807,0.2883027722256018,"Luật này đã được Quốc hội nước Cộng hòa xã hội chủ nghĩa Việt Nam khóa XIII,
kỳ họp thứ 3 thông qua ngày 18 tháng 6 năm 2012",2012-06-18,True,Nguyễn Sinh Hùng,,Chủ tịch,1,1,AMENDED_BY,35,119,
0349,52/2019/QH14,L,QH14,33086,0.3020837754106014,"Luật này được Quốc hội nước Cộng hòa xã hội chủ nghĩa Việt Nam khóa XIV,
kỳ họp thứ 8 thông qua ngày 25 tháng 11 năm 2019",2019-11-25,True,Nguyễn Thị Kim Ngân,,Chủ tịch,1,1,AMENDS,3,94,
0350,58/2010/QH12,L,QH12,47670,0.3054924187933366,"Luật này đã được Quốc hội nước Cộng hòa xã hội chủ nghĩa Việt Nam khóa XII, kỳ họp thứ 8 thông qua ngày 15 tháng 11 năm 2010",2010-11-15,True,Nguyễn Phú Trọng,,Chủ tịch,1,0,,62,187,
0351,599/QĐ-BGDĐT,QĐ,BGDĐT,14887,0.28636959370904325,ngày 28 tháng 02 năm 2023,2023-02-28,True,Nguyễn Văn Phúc,,Thứ trưởng,3,0,,3,15,
0352,3878/BGDĐT-PC,CV,BGDĐT,6237,0.317600352889281,ngày 24 tháng 7 năm 2014,2014-07-24,True,Phạm Mạnh Hùng,,Thứ trưởng,0,0,,0,0,
0374,59/2023/NĐ-CP,NĐ,CP,60309,0.2976105563480742,ngày 14 tháng 8 năm 2023,2023-08-14,True,Trần Lưu Quang,,Phó thủ tướng,3,0,,31,111,
0375,346/QĐ-TTG,QĐ,TTg,12007,0.276409666283084,ngày 06 tháng 4 năm 2023,2023-04-06,True,Trần Lưu Quang,,Phó thủ tướng,2,0,,3,11,
0376,4480/ĐHĐN-TTPC,CV,ĐHĐN,4309,0.3103560927801372,ngày 25 tháng 10 năm 2024,2024-10-25,True,Phó Giám Đốc,,Phó giám đốc,0,0,,0,0,
0392,322/QĐ-BGDĐT,QĐ,BGDĐT,12170,0.2914688729146887,ngày 24 tháng 01 năm 2025,2025-01-24,True,Nguyễn Văn Phúc,,Thứ trưởng,3,4,"AMENDED_BY,AMENDS",3,8,
0435,56/2024/NĐ-CP,NĐ,CP,32216,0.28527476284078285,ngày 18 tháng 5 năm 2024,2024-05-18,True,Trần Lưu Quang,,Phó thủ tướng,4,4,"AMENDS,REPEALS,REPLACES",4,51,
0459,404/QĐ-BGDĐT,QĐ,BGDĐT,23210,0.29174962667994025,ngày 13 tháng 02 năm 2026,2026-02-13,True,Nguyễn Văn Phúc,,Thứ trưởng,4,1,AMENDS,3,15,
0466,10/2026/NQ-CP,NQ,CP,19737,0.31134038494884686,ngày 25 tháng 03 năm 2026,2026-03-25,True,Hồ Quốc Dũng,,Phó thủ tướng,1,17,"AMENDED_BY,AMENDS,REPEALED_BY,REPLACED_BY",4,22,
0100,36/2009/QH12,L,QH12,44103,0.30664098900416226,"Luật này đã được Quốc hội nước Cộng hòa xã hội chủ nghĩa Việt Nam khóa XII, kỳ họp thứ 5 thông qua ngày 19 tháng 6 năm 2009",2009-06-19,True,Nguyễn Phú Trọng,,Chủ tịch,1,1,AMENDS,3,158,
0028,175/QĐ-ĐHBK,QĐ,ĐHBK,8902,0.2962211118051218,ngày 18 tháng 5 năm 2016,2016-05-18,True,Lê Kim Hùng,GS.TS,Hiệu trưởng,13,0,,13,27,
0029,176/QĐ-ĐHBK,QĐ,ĐHBK,4807,0.30271707028942707,ngày 18 tháng 5 năm 2016,2016-05-18,True,Lê Kim Hùng,GS.TS,Hiệu trưởng,9,0,,3,16,
0030,199/QĐ-ĐHBK,QĐ,ĐHBK,7699,0.2737923576063446,ngày 24 tháng 5 năm 2016,2016-05-24,True,Lê Kim Hùng,GS.TS,Hiệu trưởng,6,0,,3,6,
0032,1604/QĐ-ĐHBK,QĐ,ĐHBK,13410,0.26421813002340017,ngày 31 tháng 5 năm 2019,2019-05-31,True,Đoàn Quang Vinh,PGS.TS,Hiệu trưởng,8,0,,3,6,
0091,56/2010/QH12,L,QH12,82948,0.24912332691262903,"Luật này đã được Quốc hội nước Cộng hòa xã hội chủ nghĩa Việt Nam khóa XII,
kỳ họp thứ 8 thông qua ngày 15 tháng 11 năm 2010",2010-11-15,True,Nguyễn Phú Trọng,,Chủ tịch,1,1,AMENDED_BY,78,193,
0092,25/2018/QH14,L,QH14,71794,0.29089355236919573,"Luật này được Quốc hội nước Cộng hòa xã hội chủ nghĩa Việt Nam
khóa XIV, kỳ họp thứ 5 thông qua ngày 12 tháng 6 năm 2018",2018-06-12,True,Nguyễn Thị Kim Ngân,,,1,0,,67,191,
0098,42/2013/QH13,L,QH13,46670,0.29570160274253565,"Luật này đã được Quốc hội nước Cộng hòa xã hội chủ nghĩa Việt Nam khóa XIII, kỳ họp thứ 6 thông qua ngày 25 tháng 11 năm 2013",2013-11-25,True,Nguyễn Sinh Hùng,,Chủ tịch,1,1,AMENDED_BY,36,107,
0103,36/2018/QH14,L,QH14,92873,0.2761678685000224,"Luật này được Quốc hội nước Cộng hòa xã hội chủ nghĩa Việt Nam khóa XIV, kỳ họp thứ 6 thông qua ngày 20 tháng 11 năm 2018",2018-11-20,True,Nguyễn Thị Kim Ngân,,Chủ tịch,1,1,AMENDED_BY,96,279,
0115,31/2019/NĐ-CP,NĐ,CP,51626,0.2944154648665235,ngày 10 tháng 4 năm 2019,2019-04-10,True,Nguyễn Xuân Phúc,,Thủ tướng,3,0,,30,70,
0121,42/2013/NĐ-CP,NĐ,CP,25465,0.2526719205441002,Ngày 21-05-2013,2013-05-21,True,Nguyễn Tấn Dũng,,Thủ tướng,4,1,REPLACES,29,83,
0131,2/2011/QH13,L,QH13,61608,0.2834591928843487,"Luật này đã được Quốc hội nước Cộng hòa xã hội chủ nghĩa Việt Nam khóa XIII, kỳ họp thứ 2 thông qua ngày 11 tháng 11 năm 2011",2011-11-11,True,Nguyễn Sinh Hùng,,Chủ tịch,1,1,AMENDED_BY,70,165,
0137,64/2014/NĐ-CP,NĐ,CP,41258,0.2877030933315613,Ngày 10-7-2014,2014-07-10,True,Nguyễn Tấn Dũng,,Thủ tướng,2,1,REPLACES,24,81,
0165,23/2016/TT-BGDĐT,TT,BGDĐT,36271,0.25886566694218127,Ngày 06-11-2016,2016-11-06,True,Phạm Mạnh Hùng,,Thứ trưởng,9,1,REPLACES,26,103,
0211,4751/QĐ-ĐHĐN,QĐ,ĐHĐN,40149,0.28777595756299246,ngày 07 tháng 12 năm 2022,2022-12-07,True,Nguyễn Ngọc Vũ,PGS.TS,Giám đốc,3,0,,28,64,
0238,4754/QĐ-ĐHĐN,QĐ,ĐHĐN,35061,0.2864508065461079,ngày 07 tháng 12 năm 2022,2022-12-07,True,Nguyễn Ngọc Vũ,PGS.TS,Giám đốc,2,0,,30,55,
0256,2858/QĐ-BGDĐT,QĐ,BGDĐT,19301,0.2631653655074521,ngày 29 tháng 09 năm 2023,2023-09-29,True,Nguyễn Kim Sơn,,Thứ trưởng,4,0,,20,48,
0290,11/2022/QH15,L,QH15,125990,0.2490276115575312,"Luật này được Quốc hội nước Cộng hòa xã hội chủ nghĩa Việt Nam khóa XV, kỳ họp thứ 4 thông qua ngày 14 tháng 11 năm 2022",2022-11-14,True,Vương Đình Huệ,,Chủ tịch,1,2,"AMENDED_BY,AMENDS",118,369,
0291,59/2019/NĐ-CP,NĐ,CP,99368,0.2876904877879062,Ngày 12-7-2019,2019-07-12,True,Nguyễn Xuân Phúc,,Thủ tướng,2,3,"AMENDS,REPEALS",89,336,
0292,130/2020/NĐ-CP,NĐ,CP,60412,0.28522984174830446,Ngày 10-11-2020,2020-11-10,True,Nguyễn Xuân Phúc,,Thủ tướng,2,1,REPEALS,25,186,
0293,124/2020/NĐ-CP,NĐ,CP,93956,0.28495149798265945,Ngày 02-11-2020,2020-11-02,True,Nguyễn Xuân Phúc,,Thủ tướng,3,1,REPLACES,55,110,
0295,43/2023/NĐ-CP,NĐ,CP,63036,0.2591749033089815,ngày 30 tháng 6 năm 2023,2023-06-30,True,Lê Minh Khái,,Phó thủ tướng,2,0,,70,146,
0296,51/2012/TT-BGDĐT,TT,BGDĐT,22587,0.26153014652894546,Ngày 03-01-2013,2013-01-03,True,Phạm Vũ Luận,,Bộ trưởng,4,1,REPLACES,18,56,
0297,39/2013/TT-BGDĐT,TT,BGDĐT,18518,0.2743514988412948,Ngày 20-12-2013,2013-12-20,True,Nguyễn Vinh Hiển,,Thứ trưởng,8,1,REPEALS,19,77,
0298,1/2014/TT-TTCP,TT,TTCP,27712,0.24672970457106463,Ngày 12-5-2014,2014-05-12,True,Huỳnh Phong Tranh,,Tổng Thanh tra,4,0,,17,62,
0299,24/2016/TT-BGDĐT,TT,BGDĐT,24180,0.26404819835476767,ngày 14 tháng 11 năm 2016,2016-11-14,True,Phạm Mạnh Hùng,,Thứ trưởng,3,1,REPLACES,3,26,
0300,25/2019/TT-BGDĐT,TT,BGDĐT,10569,0.3017463110870448,Ngày 27-02-2020,2020-02-27,True,Nguyễn Văn Phúc,,Thứ trưởng,11,1,AMENDS,3,16,
0301,1/2021/TT-TTCP,TT,TTCP,16723,0.2698478676531715,Ngày 22-3-2021,2021-03-22,True,Lê Minh Khái,,Tổng Thanh tra,8,0,,14,30,
0302,3/2021/TT-TTCP,TT,TTCP,3445,0.26559865092748736,Ngày 10-10-2021,2021-10-10,True,Đoàn Hồng Phong,,Tổng Thanh tra,3,0,,5,15,
0303,4/2021/TT-TTCP,TT,TTCP,18073,0.2968063534978033,ngày 01 tháng 10 năm 2021,2021-10-01,True,Đoàn Hồng Phong,,Tổng Thanh tra,7,0,,12,28,
0304,5/2021/TT-TTCP,TT,TTCP,31174,0.3001434321935872,ngày 01 tháng 10 năm 2021,2021-10-01,True,,,,7,0,,32,40,
0305,6/2021/TT-TTCP,TT,TTCP,176196,0.26508057379242217,ngày 01 tháng 10 năm 2021,2021-10-01,True,Đoàn Hồng Phong,,Tổng Thanh tra,4,1,REPEALS,81,225,
0306,7/2021/TT-TTCP,TT,TTCP,17969,0.25294616036355233,ngày 01 tháng 10 năm 2021,2021-10-01,True,Đoàn Hồng Phong,,Tổng Thanh tra,12,1,REPEALS,16,57,
0308,1/2024/TT-TTCP,TT,TTCP,91486,0.28019524872555224,Ngày 14-02-2024,2024-02-14,True,Dương Quốc Huy,,Phó tổng Thanh tra,14,0,,11,104,
0309,2692/QĐ-BGDĐT,QĐ,BGDĐT,35592,0.2815875081327261,ngày 26 tháng 7 năm 2018,2018-07-26,True,Phạm Mạnh Hùng,,Thứ trưởng,4,0,,25,59,
0310,624/BGDĐT-TTR,CV,BGDĐT,5547,0.2987789683528532,ngày 28 tháng 02 năm 2022,2022-02-28,True,Phạm Ngọc Thưởng,,Thứ trưởng,0,1,AMENDS,0,0,
0323,86/2011/NĐ-CP,NĐ,CP,67104,0.250110748660948,Ngày 01-10-2011,2011-10-01,True,Nguyễn Tấn Dũng,,Thủ tướng,2,1,REPLACES,80,218,
0325,2/2021/TT-TTCP,TT,TTCP,75644,0.2778598227827892,Ngày 17-4-2021,2021-04-17,True,Lê Minh Khái,,Tổng Thanh tra,12,0,,11,106,
0328,14/2021/TT-BGDĐT,TT,BGDĐT,11285,0.3061703969333498,ngày 20 tháng 05 năm 2021,2021-05-20,True,Pham Ngoc Thuong,,Thứ trưởng,7,2,"AMENDED_BY,AMENDS",3,14,
0364,2140/QĐ-BGDĐT,QĐ,BGDĐT,6831,0.2805721096543504,ngày 15 tháng 08 năm 2024,2024-08-15,True,Phạm Ngọc Thưởng,,Thứ trưởng,3,0,,3,5,
0432,28/2024/TT-BGDĐT,TT,BGDĐT,30393,0.28482860865267984,ngày 26 tháng 12 năm 2024,2024-12-26,True,Phạm Ngọc Thưởng,,Thứ trưởng,6,1,AMENDS,18,75,
0447,84/2025/QH15,L,QH15,86372,0.25430919346982384,"Luật này được Quốc hội nước Cộng hòa xã hội chủ nghĩa Việt Nam khóa XV, Kỳ họp thứ 9 thông qua ngày 25 tháng 6 năm 2025",2025-06-25,True,Trần Thanh Mẫn,,Chủ tịch,0,26,"AMENDED_BY,REPEALS",64,214,
0027,1605/QĐ-ĐHBK,QĐ,ĐHBK,39836,0.29428208386277,ngày 31 tháng 5 năm 2019,2019-05-31,True,Đoàn Quang Vinh,PGS.TS,Hiệu trưởng,8,0,,29,64,
0101,15/2003/QH11,L,QH11,56635,0.28861193177586336,"Luật này đã được Quốc hội nước Cộng hòa xã hội chủ nghĩa Việt Nam Khóa XI, kỳ họp thứ 4 thông qua ngày 26 tháng 11 năm 2003",2003-11-26,True,Nguyễn Văn An,,Chủ tịch,1,0,,99,119,
0118,91/2017/NĐ-CP,NĐ,CP,175079,0.2889016993740003,ngày 31 tháng 7 năm 2017,2017-07-31,True,Nguyễn Xuân Phúc,,Thủ tướng,2,2,"AMENDS,REPLACES",56,232,
0130,39/2013/QH13,L,QH13,45563,0.28612425583880324,"Luật này đã được Quốc hội nước Cộng hòa xã hội chủ nghĩa Việt Nam khóa XIII, kỳ họp thứ 6 thông qua ngày 16 tháng 11 năm 2013",2013-11-16,True,Nguyễn Sinh Hùng,,Chủ tịch,1,2,"AMENDED_BY,AMENDS",2,97,
0139,27/2012/NĐ-CP,NĐ,CP,44743,0.30521891203632684,Ngày 23-04-2012,2012-04-23,True,Nguyễn Tấn Dũng,,Thủ tướng,2,2,REPEALS,41,65,
0178,4768/QĐ-ĐHĐN,QĐ,ĐHĐN,47341,0.2980182704374982,ngày 28 tháng 12 năm 2020,2020-12-28,True,Lê Thành Bắc,PGS.TS,Phó giám đốc,7,1,REPLACES,32,86,
0196,47/2005/QH11,L,QH11,58047,0.28745087509458833,ngày 14 tháng 6 năm 2005,2005-06-14,True,Nguyễn Văn An,,Chủ tịch,0,0,,33,93,
0197,12/2019/TT-BNV,TT,BNV,21828,0.2758190327613105,ngày 04 tháng 11 năm 2019,2019-11-04,True,Lê Vĩnh Tân,,Bộ trưởng,1,1,REPLACES,14,42,
0200,4079/ĐHĐN-TCCB,CV,ĐHĐN,55806,0.2986030418054587,ngày 24 tháng 6 năm 2022,2022-06-24,True,Nguyễn Ngọc Vũ,PGS.TS,Giám đốc,0,0,,0,0,
0207,4036/QĐ-ĐHĐN,QĐ,ĐHĐN,8143,0.3054298642533937,ngày 18 tháng 10 năm 2022,2022-10-18,True,Nguyễn Ngọc Vũ,PGS.TS,Giám đốc,5,1,REPLACES,7,13,
0219,2851/BGDĐT-TĐKT,CV,BGDĐT,13278,0.3060891838397951,ngày 12 tháng 7 năm 2021,2021-07-12,True,Ngô Thị Minh,,Thứ trưởng,1,0,,0,0,
0267,29/2023/TT-BGDĐT,TT,BGDĐT,34658,0.3033868092691622,ngày 29 tháng 12 năm 2023,2023-12-29,True,Ngô Thị Minh,,Thứ trưởng,2,1,REPLACES,15,68,
0285,6/2022/QH15,L,QH15,128381,0.2883837181623423,"Luật này được Quốc hội nước Cộng hòa xã hội chủ nghĩa Việt Nam khóa XV, kỳ họp thứ 3 thông qua ngày 15 tháng 6 năm 2022",2022-06-15,True,Vương Đình Huệ,,Chủ tịch,1,1,AMENDED_BY,68,236,
0287,98/2023/NĐ-CP,NĐ,CP,242856,0.28007398975526465,ngày 31 tháng 12 năm 2023,2023-12-31,True,Iậng Danh Hiệu,,Chủ tịch,3,1,AMENDS,99,353,
0288,1/2024/TT-NBV,TT,NBV,21730,0.2794311961240798,ngày 24 tháng 02 năm 2024,2024-02-24,True,Phạm Thị Thanh Trà,,Bộ trưởng,3,0,,10,30,
0289,4996/QĐ-BGDĐT,QĐ,BGDĐT,9891,0.3131112469437653,ngày 31 tháng 12 năm 2021,2021-12-31,True,Ngô Thị Minh,,Thứ trưởng,3,0,,3,25,
0330,39/2023/TT-BGDĐT,TT,BGDĐT,32152,0.3028927167197154,ngày 29 tháng 12 năm 2023,2023-12-29,True,Ngô Thị Minh,,Thứ trưởng,2,1,REPLACES,15,68,
0331,39/2013/QH13,L,QH13,45547,0.2861329913903645,"Luật này đã được Quốc hội nước Cộng hòa xã hội chủ nghĩa Việt Nam khóa XIII, kỳ họp thứ 6 thông qua ngày 16 tháng 11 năm 2013",2013-11-16,True,Nguyễn Sinh Hùng,,Chủ tịch,1,2,"AMENDED_BY,AMENDS",2,97,
0332,800/CT-BGDĐT,CT,BGDĐT,13590,0.2943323532393795,ngày 24 tháng 8 năm 2021,2021-08-24,True,Nguyễn Kim Sơn,,Bộ trưởng,0,1,AMENDED_BY,0,0,
0333,4499/BGDĐT-GDĐH,CV,BGDĐT,16215,0.29755067567567567,ngày 06 tháng 10 năm 2021,2021-10-06,True,Hoàng Minh Sơn,,Phó bộ trưởng,0,0,,0,0,
0334,871/KH-BGDĐT,KH,BGDĐT,9592,0.2767087880528432,ngày 20 tháng 8 năm 2019,2019-08-20,True,Nguyễn Thị Nghĩa,,Thứ trưởng,0,0,,0,0,
0335,1374/KH-BGDĐT,KH,BGDĐT,10447,0.2844736842105263,ngày 02 tháng 11 năm 2020,2020-11-02,True,Ngô Thị Minh,,Phó bộ trưởng,0,0,,0,0,
0336,1176/KH-BGDĐT,KH,BGDĐT,17398,0.2852883483719105,ngày 27 tháng 10 năm 2021,2021-10-27,True,Ngô Thị Minh,,Thứ trưởng,0,0,,0,0,
0337,1965/BGDĐT-TĐKT,CV,BGDĐT,79510,0.2896814974348199,ngày 11 tháng 5 năm 2022,2022-05-11,True,Ngô Thị Minh,,Thứ trưởng,0,0,,0,0,
0338,621/BGDĐT-TĐKT,CV,BGDĐT,2254,0.3053152039555006,ngày 22 tháng 02 năm 2021,2021-02-22,True,Ngô Thị Minh,,Thứ trưởng,0,0,,0,0,
0339,4735/BGDĐT-GDĐH,CV,BGDĐT,13747,0.3004257847311615,ngày 23 tháng 9 năm 2022,2022-09-23,True,Hoàng Minh Sơn,,Thứ trưởng,0,0,,0,0,
0340,1375/KH-BGDĐT,KH,BGDĐT,10361,0.2857520137329988,ngày 02 tháng 11 năm 2020,2020-11-02,True,Ngô Thị Minh,,Thứ trưởng,0,0,,0,0,
0341,1368/BGDĐT-TCCB,CV,BGDĐT,4836,0.3244742990654206,ngày 31 tháng 03 năm 2023,2023-03-31,True,Ngô Thị Minh,,Thứ trưởng,0,0,,0,0,
0342,595/KH-BGDĐT,KH,BGDĐT,29049,0.2914338919925512,ngày 10 tháng 4 năm 2023,2023-04-10,True,Ngô Thị Minh,,Thứ trưởng,1,0,,0,0,
0361,2040/QĐ-BGDĐT,QĐ,BGDĐT,15921,0.3076852108128056,ngày 31 tháng 07 năm 2024,2024-07-31,True,Nguyễn Thị Kim Chi,,Thứ trưởng,3,1,REPLACES,3,17,
0369,3828/QĐ-ĐHĐN,QĐ,ĐHĐN,68162,0.3023110555902561,ngày 12 tháng 9 năm 2024,2024-09-12,True,Lê Thành Bắc,PGS.TS,Phó giám đốc,8,1,REPLACES,35,112,
0454,94/QĐ-ĐHĐN,QĐ,ĐHĐN,69888,0.31041295757523124,ngày 12 tháng 01 năm 2026,2026-01-12,True,Nguyễn Ngọc Vũ,PGS.TS,Giám đốc,3,0,,3,27,
0462,7/2026/TT-BGDĐT,TT,BGDĐT,89420,0.3036679768627384,ngày 15 tháng 02 năm 2026,2026-02-15,True,Phạm Ngọc Thưởng,,Thứ trưởng,5,1,REPLACES,32,138,
0470,1364/QĐ-ĐHĐN,QĐ,ĐHĐN,2629,0.32865168539325845,ngày 09 tháng 4 năm 2026,2026-04-09,True,Nguyễn Ngọc Vũ,PGS.TS,Giám đốc,6,0,,3,3,
0479,1609/QĐ-BGDĐT,QĐ,BGDĐT,20310,0.30318026344516413,Ngày 15/6/2026,2026-06-15,True,Hoàng Minh Sơn,,Bộ trưởng,4,1,REPLACES,14,37,
0142,3/2022/TT-BGDĐT,TT,BGDĐT,64012,0.3022200388331345,ngày 18 tháng 01 năm 2022,2022-01-18,True,Hoàng Minh Sơn,,Thứ trưởng,4,2,"AMENDED_BY,REPLACES",15,63,
0145,23/2021/TT-BGDĐT,TT,BGDĐT,35720,0.30861483880919327,ngày 30 tháng 8 năm 2021,2021-08-30,True,Hoàng Minh Sơn,,Thứ trưởng,4,1,REPLACES,21,88,
0151,9/2020/TT-BGDĐT,TT,BGDĐT,85944,0.27954927256014456,ngày 7 tháng 5 năm 2020,2020-05-07,True,Nguyễn Văn Phúc,,Thứ trưởng,6,6,"AMENDED_BY,AMENDS,REPLACES",32,140,
0152,7/2020/TT-BGDĐT,TT,BGDĐT,33106,0.2771147771147771,ngày 20 tháng 3 năm 2020,2020-03-20,True,Nguyễn Văn Phúc,,Thứ trưởng,8,3,"AMENDED_BY,AMENDS",4,43,
0154,18/2021/TT-BGDĐT,TT,BGDĐT,48164,0.30103421749907405,ngày 28 tháng 6 năm 2021,2021-06-28,True,Hoàng Minh Sơn,,Thứ trưởng,5,2,"AMENDS,REPLACES",27,86,
0170,3297/QĐ-ĐHĐN,QĐ,ĐHĐN,33013,0.2993186242699546,ngày 29 tháng 9 năm 2021,2021-09-29,True,Lê Thành Bắc,PGS.TS,Phó giám đốc,7,1,REPLACES,13,40,
0171,3183/QĐ-ĐHĐN,QĐ,ĐHĐN,16820,0.2653127538586515,ngày 17 tháng 9 năm 2021,2021-09-17,True,Lê Thành Bắc,PGS.TS,Phó giám đốc,2,0,,19,58,
0192,1609/QĐ-ĐHBK,QĐ,ĐHBK,18691,0.28663457978526474,ngày 13 tháng 5 năm 2022,2022-05-13,True,Đoàn Quang Vinh,PGS.TS,Hiệu trưởng,10,2,AMENDED_BY,19,36,
0225,1248/QĐ-ĐHĐN,QĐ,ĐHĐN,27148,0.29413820651088474,ngày 04/4/1994,1994-04-04,True,Lê Thành Bắc,PGS.TS,Giám đốc,7,0,,32,85,
0226,1340/QĐ-ĐHBK,QĐ,ĐHBK,3876,0.2920962199312715,ngày 11 tháng 4 năm 2023,2023-04-11,True,Nguyễn Hữu Hiếu,PGS.TS,Hiệu trưởng,5,0,,3,2,
0241,4481/QĐ-ĐHĐN,QĐ,ĐHĐN,17100,0.2935219418099984,ngày 18 tháng 11 năm 2022,2022-11-18,True,Lê Thành Bắc,PGS.TS,Phó giám đốc,6,1,REPLACES,17,36,
0259,4495/QĐ-ĐHĐN,QĐ,ĐHĐN,19575,0.3152216813577161,ngày 19 tháng 10 năm 2023,2023-10-19,True,Lê Thành Bắc,PGS.TS,Phó giám đốc,8,1,REPLACED_BY,3,13,
0386,4473/QĐ-ĐHĐN,QĐ,ĐHĐN,20548,0.2951003697834126,ngày 24 tháng 10 năm 2024,2024-10-24,True,Nguyễn Ngọc Vũ,PGS.TS,Giám đốc,5,1,REPLACES,26,57,
0460,6/2026/TT-BGDĐT,TT,BGDĐT,64374,0.2919177184414706,ngày 15 tháng 02 năm 2026,2026-02-15,True,,,,5,2,"AMENDS,REPLACES",25,144,
0463,13/2026/TT-BGDĐT,TT,BGDĐT,35772,0.27197158913518577,ngày 09 tháng 03 năm 2026,2026-03-09,True,Phạm Ngọc Thưởng,,Thứ trưởng,5,0,,23,76,
0464,618/QĐ-BGDĐT,QĐ,BGDĐT,7813,0.29500728862973763,ngày 18 tháng 03 năm 2026,2026-03-18,True,Nguyễn Văn Phúc,,Thứ trưởng,2,0,,3,1,
0468,1478/QĐ-ĐHĐN,QĐ,ĐHĐN,29350,0.2969640354974311,ngày 16 tháng 4 năm 2026,2026-04-16,True,Lê Thành Bắc,PGS.TS,Phó giám đốc,7,1,REPLACES,32,86,
0480,2414/QĐ-ĐHĐN,QĐ,ĐHĐN,23475,0.2950711014702338,ngày 19 tháng 6 năm 2026,2026-06-19,True,Phan Minh Đức,TS,Phó giám đốc,5,1,REPLACES,17,37,
0490,53/2026/TT-BGDĐT,TT,BGDĐT,69860,0.31118048780487806,ngày 30 tháng 06 năm 2026,2026-06-30,True,Lê Quân,,Thứ trưởng,5,1,REPLACES,37,157,
0048,771/QĐ-ĐHBK,QĐ,ĐHBK,4105,0.3064124783362218,ngày 08 tháng 04 năm 2019,2019-04-08,True,Đoàn Quang Vinh,PGS.TS,Hiệu trưởng,4,0,,3,3,
0049,771/QĐ-ĐHBK,QĐ,ĐHBK,4010,0.3056737588652482,ngày 08 tháng 04 năm 2019,2019-04-08,True,Đoàn Quang Vinh,PGS.TS,Hiệu trưởng,4,0,,3,3,
0066,3536/QĐ-ĐHBK,QĐ,ĐHBK,55453,0.292496918652424,ngày 27 tháng 12 năm 2021,2021-12-27,True,Đoàn Quang Vinh,PGS.TS,Hiệu trưởng,6,3,AMENDED_BY,35,95,
0073,399/QĐ-BGDĐT,QĐ,BGDĐT,2294,0.3264382676147382,ngày 27 tháng 01 năm 2022,2022-01-27,True,Phạm Ngọc Thưởng,,Thứ trưởng,3,0,,3,7,
0109,81/2021/NĐ-CP,NĐ,CP,101734,0.3063746622980974,ngày 27 tháng 8 năm 2021,2021-08-27,True,Vũ Đức Đam,,Phó thủ tướng,8,2,"AMENDS,REPLACES",33,126,
0111,60/2021/NĐ-CP,NĐ,CP,88538,0.29856857058668446,ngày 21 tháng 6 năm 2021,2021-06-21,True,Lê Minh Khái,,Phó thủ tướng,7,1,REPEALS,41,236,
0161,40/2017/TT-BTC,TT,BTC,34031,0.29489324410452517,ngày 28 tháng 4 năm 2017,2017-04-28,True,Trần Xuân Hà,,Thứ trưởng,5,1,REPEALS,16,66,
0162,1676/QĐ-ĐHĐN,QĐ,ĐHĐN,54172,0.29882652115175756,ngày 29 tháng 4 năm 2021,2021-04-29,True,Nguyễn Ngọc Vũ,PGS.TS,Giám đốc,6,1,AMENDED_BY,35,67,
0163,5/NQ-HĐĐH,NQ,HĐĐH,20971,0.3178657308117242,ngày 22 tháng 4 năm 2021,2021-04-22,True,Phan Minh Đức,,Chủ tịch,7,0,,14,33,
0260,4171/QĐ-ĐHBK,QĐ,ĐHBK,10698,0.30036043251902284,ngày 06 tháng 11 năm 2023,2023-11-06,True,Nguyễn Hữu Hiếu,PGS.TS,Hiệu trưởng,8,0,,11,24,
0270,97/2023/NĐ-CP,NĐ,CP,13520,0.2941524621212121,ngày 31 tháng 12 năm 2023,2023-12-31,True,Trần Hồng Hà,,Phó thủ tướng,7,1,AMENDS,3,10,
0366,3443/ĐHĐN-KHTC,CV,ĐHĐN,5904,0.3025469513763828,ngày 20 tháng 8 năm 2024,2024-08-20,True,Nguyễn Ngọc Vũ,PGS.TS,Giám đốc,1,0,,0,0,
0377,3560/QĐ-BGDĐT,QĐ,BGDĐT,65175,0.282674089705024,ngày 14 tháng 11 năm 2024,2024-11-14,True,Phạm Ngọc Thưởng,,Thứ trưởng,3,0,,3,0,
0387,36/QĐ-ĐHĐN,QĐ,ĐHĐN,65289,0.2992923268648745,ngày 06 tháng 01 năm 2025,2025-01-06,True,Nguyễn Ngọc Vũ,PGS.TS,Giám đốc,7,8,"AMENDED_BY,AMENDS,REPEALS",37,90,
0399,48/2024/QH15,L,QH15,45167,0.2842121212121212,"Luật này được Quốc hội nước Cộng hòa xã hội chủ nghĩa Việt Nam khóa XV, kỳ họp thứ 8 thông qua ngày 26 tháng 11 năm 2024",2024-11-26,True,Trần Thanh Mẫn,,Chủ tịch,1,2,AMENDED_BY,18,81,
0404,423/QĐ-ĐHBK,QĐ,ĐHBK,30367,0.29567190071616034,ngày 29 tháng 01 năm 2024,2024-01-29,True,Nguyễn Hữu Hiếu,PGS.TS,Hiệu trưởng,6,0,,30,96,
0407,2569/QĐ-ĐHBK,QĐ,ĐHBK,2126,0.3024523160762943,ngày 26 tháng 6 năm 2024,2024-06-26,True,Nguyễn Hữu Hiếu,PGS.TS,Hiệu trưởng,5,0,,3,0,
0408,3492/QĐ-ĐHBK,QĐ,ĐHBK,2275,0.31408176508760544,ngày 22 tháng 8 năm 2024,2024-08-22,True,Nguyễn Hữu Hiếu,PGS.TS,Hiệu trưởng,5,0,,3,0,
0410,5780/QĐ-ĐHBK,QĐ,ĐHBK,3872,0.31733021077283374,ngày 31 tháng 12 năm 2024,2024-12-31,True,Nguyễn Hữu Hiếu,PGS.TS,Hiệu trưởng,11,0,,3,0,
0412,576/QĐ-ĐHĐN,QĐ,ĐHĐN,5607,0.3125,ngày 25 tháng 02 năm 2025,2025-02-25,True,Nguyễn Ngọc Vũ,PGS.TS,Giám đốc,7,0,,3,0,
0413,534/QĐ-BGDĐT,QĐ,BGDĐT,23182,0.23458355081649393,ngày 28 tháng 02 năm 2025,2025-02-28,True,Phạm Ngọc Thưởng,,Thứ trưởng,6,0,,3,2,
0414,538/QĐ-BGDĐT,QĐ,BGDĐT,51673,0.2548225851872712,ngày 28 tháng 02 năm 2025,2025-02-28,True,Phạm Ngọc Thưởng,,Thứ trưởng,5,0,,3,2,
0415,890/QĐ-ĐHĐN,QĐ,ĐHĐN,6337,0.3004083716181725,ngày 12 tháng 3 năm 2025,2025-03-12,True,Nguyễn Ngọc Vũ,PGS.TS,Giám đốc,8,0,,3,0,
0417,760/QĐ-ĐHBK,QĐ,ĐHBK,17788,0.28797521353207167,ngày 24 tháng 02 năm 2025,2025-02-24,True,Nguyễn Hữu Hiếu,PGS.TS,Hiệu trưởng,11,2,"AMENDED_BY,REPLACES",3,9,
0418,1690/QĐ-ĐHBK,QĐ,ĐHBK,10679,0.2854970275127886,ngày 09 tháng 4 năm 2025,2025-04-09,True,Nguyễn Hữu Hiếu,PGS.TS,Hiệu trưởng,6,0,,3,14,
0431,1351/QĐ-ĐHĐN,QĐ,ĐHĐN,4486,0.32435129740518964,ngày 14 tháng 4 năm 2025,2025-04-14,True,Nguyễn Ngọc Vũ,PGS.TS,Giám đốc,10,0,,4,2,
0446,4532/QĐ-ĐHBK,QĐ,ĐHBK,2363,0.3176542455711668,ngày 12 tháng 9 năm 2025,2025-09-12,True,Nguyễn Hữu Hiếu,PGS.TS,Hiệu trưởng,7,0,,2,0,
0449,5543/QĐ-ĐHBK,QĐ,ĐHBK,4243,0.3126559714795009,ngày 11 tháng 11 năm 2025,2025-11-11,True,Nguyễn Hữu Hiếu,PGS.TS,Hiệu trưởng,8,0,,3,0,
0453,4809/QĐ-ĐHĐN,QĐ,ĐHĐN,13354,0.3188279978296256,ngày 29 tháng 12 năm 2025,2025-12-29,True,Nguyễn Ngọc Vũ,PGS.TS,Giám đốc,8,4,"AMENDED_BY,AMENDS,REPEALS",4,12,
0016,5/NQ-HĐT,NQ,HĐT,97318,0.30284086194019527,ngày 12 tháng 01 năm 2021,2021-01-12,True,Nguyễn Đình Lâm,PGS.TS,Chủ tịch,7,1,AMENDED_BY,54,243,
0019,5/NQ-HĐT,NQ,HĐT,97314,0.30284086194019527,ngày 12 tháng 01 năm 2021,2021-01-12,True,Nguyễn Đình Lâm,PGS.TS,Chủ tịch,7,1,AMENDED_BY,54,243,
0020,1199/QĐ-ĐHBK,QĐ,ĐHBK,82825,0.3092053371894308,ngày 28 tháng 4 năm 2021,2021-04-28,True,Đoàn Quang Vinh,PGS.TS,Hiệu trưởng,8,0,,27,114,
0021,1177/QĐ-ĐHBK,QĐ,ĐHBK,21601,0.2950116667717727,ngày 26 tháng 4 năm 2019,2019-04-26,True,Đoàn Quang Vinh,PGS.TS,Hiệu trưởng,5,0,,23,90,
0022,3521/QĐ-ĐHBK,QĐ,ĐHBK,23406,0.2748586730139839,ngày 25 tháng 12 năm 2019,2019-12-25,True,Đoàn Quang Vinh,PGS.TS,Hiệu trưởng,4,0,,3,12,
0023,448/QĐ-ĐHBK,QĐ,ĐHBK,10374,0.3142895370618143,ngày 24 tháng 4 năm 2018,2018-04-24,True,Đoàn Quang Vinh,PGS.TS,Hiệu trưởng,5,0,,3,5,
0024,2971/QĐ-ĐHBK,QĐ,ĐHBK,29891,0.2994288552272163,ngày 26 tháng 12 năm 2018,2018-12-26,True,Đoàn Quang Vinh,PGS.TS,Hiệu trưởng,6,0,,10,17,
0025,447/QĐ-ĐHBK,QĐ,ĐHBK,9530,0.29946140035906643,ngày 24 tháng 4 năm 2018,2018-04-24,True,Đoàn Quang Vinh,PGS.TS,Hiệu trưởng,5,0,,3,2,
0054,5/NQ-HĐT,NQ,HĐT,97311,0.3028450505525511,ngày 12 tháng 01 năm 2021,2021-01-12,True,Nguyễn Đình Lâm,PGS.TS,Chủ tịch,7,1,AMENDED_BY,54,243,
0055,1838/QĐ-ĐHBK,QĐ,ĐHBK,81745,0.292760245103248,ngày 09 tháng 7 năm 2021,2021-07-09,True,Đoàn Quang Vinh,PGS.TS,Hiệu trưởng,8,1,AMENDS,3,29,
0056,22/NQ-HĐT,NQ,HĐT,14825,0.3084497796117415,ngày 08 tháng 10 năm 2021,2021-10-08,True,Nguyễn Đình Lâm,PGS.TS,Chủ tịch,7,2,AMENDED_BY,4,22,
0057,23/NQ-HĐT,NQ,HĐT,25131,0.2912276871008243,ngày 08 tháng 10 năm 2021,2021-10-08,True,Nguyễn Đình Lâm,PGS.TS,Chủ tịch,11,2,"AMENDS,REPLACES",25,66,
0058,2522/ĐHBK-TCHC,CV,ĐHBK,24763,0.27484562507281834,ngày 08 tháng 10 năm 2021,2021-10-08,True,Đoàn Quang Vinh,PGS.TS,Hiệu trưởng,1,0,,0,0,
0059,2525/QĐ-ĐHBK,QĐ,ĐHBK,12175,0.30166379804934024,ngày 08 tháng 10 năm 2021,2021-10-08,True,Đoàn Quang Vinh,PGS.TS,Hiệu trưởng,9,2,"AMENDED_BY,AMENDS",2,25,
0060,487/QĐ-ĐHBK,QĐ,ĐHBK,22100,0.3166777973407808,ngày 18 tháng 6 năm 2012,2012-06-18,True,Đoàn Quang Vinh,PGS.TS,Chủ tịch,7,0,,22,0,
0076,4194/QĐ-ĐHĐN,QĐ,ĐHĐN,35336,0.2983109983347871,ngày 07 tháng 12 năm 2021,2021-12-07,True,Nguyễn Ngọc Vũ,PGS.TS,Giám đốc,9,1,REPLACES,18,54,
0080,1199/QĐ-ĐHBK,QĐ,ĐHBK,82792,0.309275300382978,ngày 28 tháng 4 năm 2021,2021-04-28,True,Đoàn Quang Vinh,PGS.TS,Hiệu trưởng,8,0,,27,113,
0081,389/QĐ-ĐHBK,QĐ,ĐHBK,9000,0.304022450888681,ngày 20 tháng 10 năm 2015,2015-10-20,True,Lê Kim Hùng,GS.TS,Hiệu trưởng,4,0,,11,9,
0083,730/QĐ-ĐHBK,QĐ,ĐHBK,37375,0.2856095325389551,ngày 05 tháng 6 năm 2018,2018-06-05,True,Đoàn Quang Vinh,PGS.TS,Hiệu trưởng,4,0,,27,64,
0084,334/QĐ-ĐHBK,QĐ,ĐHBK,2806,0.2921406411582213,ngày 30 tháng 3 năm 2018,2018-03-30,True,Đoàn Quang Vinh,PGS.TS,Hiệu trưởng,2,0,,3,0,
0086,51/2019/QH14,L,QH14,32254,0.30294079876717606,"Luật này được Quốc hội nước Cộng hòa xã hội chủ nghĩa Việt Nam khóa XIV, kỳ họp thứ 8 thông qua ngày 25 tháng 11 năm 2019",2019-11-25,True,Phạm Thanh Hà,,Phó chủ nhiệm,1,1,AMENDS,3,94,
0087,45/2019/QH14,L,QH14,190956,0.2974476578757379,"Bộ luật này được Quốc hội nước Cộng hòa xã hội chủ nghĩa Việt Nam
khóa XIV, kỳ họp thứ 8 thông qua ngày 20 tháng 11 năm 2019",2019-11-20,True,Phạm Thanh Hà,,Phó chủ nhiệm,1,3,"AMENDED_BY,AMENDS",217,470,
0088,29/2018/QH14,L,QH14,43705,0.3059454598014968,"Luật này được Quốc hội nước Cộng hòa xã hội chủ nghĩa Việt Nam khóa XIV, ẵ
kỳ họp thứ 6 thông qua ngày 15 tháng 11 năm 2018",2018-11-15,True,Nguyễn Thị Kim Ngân,,Chủ tịch,1,0,,28,127,
0089,43/2019/QH14,L,QH14,103800,0.3027311918405972,"Luật này được Quốc hội nước Cộng hòa xã hội chủ nghĩa Việt Nam khóa XIV, kỳ họp thứ 7 thông qua ngày 14 tháng 6 năm 2019",2019-06-14,True,Nguyễn Thị Kim Ngân,,Chủ tịch,1,3,"AMENDED_BY,AMENDS",115,329,
0094,80/2015/QH13,L,QH13,198001,0.29476012911843275,"Luật này đã được Quốc hội nước Cộng hòa xã hội chủ nghĩa Việt Nam khóa XIII,
kỳ họp thứ 9 thông qua ngày 22 tháng 6 năm 2015",2015-06-22,True,Nguyễn Sinh Hùng,,Chủ tịch,1,0,,173,520,
0096,58/2014/QH13,L,QH13,112452,0.3077782278356716,"Luật này đã được Quốc hội nước Cộng hòa xã hội chủ nghĩa Việt Nam khóa XIII, kỳ họp thứ 8 thông qua ngày 20 tháng 11 năm 2014",2014-11-20,True,Giang Sơn,,Phó chủ nhiệm,1,0,,125,404,
0099,1/2011/QH13,L,QH13,37437,0.3022652281911541,"Luật này đã được Quốc hội nước Cộng hoà xã hội chủ nghĩa Việt Nam khoá XIII, kỳ họp thứ 2 thông qua ngày 11 tháng 11 năm 2011",2011-11-11,True,Giang Sơn,,Phó chủ nhiệm,1,0,,42,133,
0105,HIẾNPHÁP2013/HIẾNPHÁP2013,HP,QH,61307,0.30026893072255684,ngày 2 tháng 9 năm 1945,1945-09-02,True,Nguyễn Sinh Hùng,,Chủ tịch,0,0,,117,117,
0106,1/2013/NĐ-CP,NĐ,CP,21339,0.29414794308890746,ngày 03 tháng 01 năm 2013,2013-01-03,True,Nguyễn Tấn Dũng,,Thủ tướng,2,0,,29,77,
0107,89/2021/NĐ-CP,NĐ,CP,15456,0.2902129182322419,ngày 18 tháng 10 năm 2021,2021-10-18,True,Phạm Bình Minh,,Phó thủ tướng,5,1,AMENDS,2,56,
0108,86/2021/NĐ-CP,NĐ,CP,105031,0.28377628725603915,ngày 25 tháng 9 năm 2021,2021-09-25,True,Vũ Đức Đam,,Phó thủ tướng,6,1,REPEALS,30,163,
0110,77/2021/NĐ-CP,NĐ,CP,9112,0.2980578070041291,ngày 01 tháng 8 năm 2021,2021-08-01,True,Lê Minh Khái,,Phó thủ tướng,2,0,,8,18,
0112,145/2020/NĐ-CP,NĐ,CP,249063,0.29156237240595767,ngày 14 tháng 12 năm 2020,2020-12-14,True,Nguyễn Xuân Phúc,,Thủ tướng,4,3,"AMENDS,REPEALS",132,442,
0113,135/2020/NĐ-CP,NĐ,CP,22194,0.2883997732854714,ngày 18 tháng 11 năm 2020,2020-11-18,True,Nguyễn Xuân Phúc,,Thủ tướng,3,1,REPEALS,9,40,
0114,30/2020/NĐ-CP,NĐ,CP,127190,0.2986778527053576,ngày 05 tháng 3 năm 2020,2020-03-05,True,Nguyễn Xuân Phúc,,Thủ tướng,2,1,AMENDS,41,201,
0116,161/2018/NĐ-CP,NĐ,CP,80916,0.28725824800910127,ngày 29 tháng 11 năm 2018,2018-11-29,True,Nguyễn Xuân Phúc,,Thủ tướng,5,3,AMENDS,6,164,
0119,27/2015/NĐ-CP,NĐ,CP,60040,0.30472427218315995,Ngày 25-3-2015,2015-03-25,True,Nguyễn Tấn Dũng,,Thủ tướng,6,0,,19,122,
0123,99/2019/NĐ-CP,NĐ,CP,58119,0.31891010712622264,ngày 30 tháng 12 năm 2019,2019-12-30,True,Nguyễn Xuân Phúc,,Thủ tướng,3,1,REPEALS,20,60,
0127,1219/QĐ-ĐHĐN,QĐ,ĐHĐN,51619,0.3008854516924456,ngày 17 tháng 4 năm 2018,2018-04-17,True,Trần Văn Nam,GS.TS,Giám đốc,3,0,,3,14,
0132,106/2020/NĐ-CP,NĐ,CP,57298,0.2235164413766657,ngày 10 tháng 9 năm 2020,2020-09-10,True,Nguyễn Xuân Phúc,,Thủ tướng,2,2,"REPEALS,REPLACES",21,53,
0135,69/2017/NĐ-CP,NĐ,CP,17560,0.29873893632020054,ngày 25 tháng 5 năm 2017,2017-05-25,True,Nguyễn Xuân Phúc,,Thủ tướng,2,1,REPLACES,5,51,
0150,10/2020/TT-BGDĐT,TT,BGDĐT,30304,0.3154700355167918,ngày 14 tháng 05 năm 2020,2020-05-14,True,Nguyễn Văn Phúc,,Thứ trưởng,5,2,"AMENDS,REPLACES",30,86,
0168,NQ08/NQ-HĐĐH,NQ,HĐĐH,30673,0.32406671961874506,ngày 28 tháng 01 năm 2022,2022-01-28,True,Phan Minh Đức,,Chủ tịch,6,0,,18,46,
0169,551/QĐ-ĐHĐN,QĐ,ĐHĐN,152014,0.3014045619767722,ngày 28 tháng 01 năm 2022,2022-01-28,True,Nguyễn Ngọc Vũ,PGS.TS,Giám đốc,8,1,REPEALS,82,258,
0173,2390/QĐ-ĐHĐN,QĐ,ĐHĐN,15884,0.30809511546055457,ngày 01 tháng 7 năm 2021,2021-07-01,True,Nguyễn Ngọc Vũ,PGS.TS,Giám đốc,5,3,"AMENDS,REPEALS,REPLACES",12,33,
0175,998/QĐ-ĐHĐN,QĐ,ĐHĐN,6649,0.30853299705758724,ngày 12 tháng 3 năm 2021,2021-03-12,True,Nguyễn Ngọc Vũ,PGS.TS,Giám đốc,5,0,,7,13,
0179,4343/QĐ-ĐHĐN,QĐ,ĐHĐN,98515,0.3193340270551509,ngày 01 tháng 12 năm 2020,2020-12-01,True,Nguyễn Ngọc Vũ,PGS.TS,Giám đốc,8,2,"AMENDED_BY,REPLACES",29,166,
0186,637/QĐ-ĐHĐN,QĐ,ĐHĐN,7926,0.3078537694595067,ngày 21 tháng 02 năm 2020,2020-02-21,True,Lê Quang Sơn,PGS.TS,Phó giám đốc,4,0,,12,19,
0191,36/2017/TT-BGDĐT,TT,BGDĐT,65540,0.2810686411847108,ngày 28 tháng 12 năm 2017,2017-12-28,True,Nguyễn Hữu Độ,,Thứ trưởng,6,1,REPLACES,13,31,
0193,150/ĐHĐN-TCCB,CV,ĐHĐN,4807,0.33472180898542103,ngày 14 tháng 01 năm 2022,2022-01-14,True,Nguyễn Ngọc Vũ,PGS.TS,Giám đốc,0,0,,0,0,
0201,2266/QĐ-ĐHBK,QĐ,ĐHBK,128314,0.28362880210488345,ngày 20 tháng 6 năm 2022,2022-06-20,True,Đoàn Quang Vinh,PGS.TS,Hiệu trưởng,7,1,AMENDED_BY,3,9,
0204,3092/QĐ-ĐHBK,QĐ,ĐHBK,67996,0.29238132363132363,ngày 08 tháng 8 năm 2022,2022-08-08,True,Đoàn Quang Vinh,PGS.TS,Hiệu trưởng,11,1,REPEALS,21,71,
0205,50/2022/NĐ-CP,NĐ,CP,6211,0.29283276450511947,ngày 02 tháng 8 năm 2022,2022-08-02,True,Phạm Bình Minh,,Phó thủ tướng,3,1,REPEALS,8,14,
0208,73/2021/QH14,L,QH14,59245,0.2744308394245542,"Luật này được Quốc hội nước Cộng hòa xã hội chủ nghĩa Việt Nam khóa XIV, kỳ họp thứ 11 thông qua ngày 30 tháng 3 năm 2021",2021-03-30,True,Nguyen Thi Kim Ngan,,Chủ tịch,1,1,AMENDED_BY,55,196,
0229,3175/ĐHĐN-TCCB,CV,ĐHĐN,2604,0.30969139144558744,ngày 12/7/2023,2023-07-12,True,Nguyễn Thị Hường,ThS,Phó trưởng ban,0,0,,0,0,
0230,3106/QĐ-ĐHĐN,QĐ,ĐHĐN,2455,0.3313987231572838,ngày 24 tháng 7 năm 2023,2023-07-24,True,Nguyễn Ngọc Vũ,PGS.TS,Giám đốc,5,0,,3,0,
0234,23/NQ-HĐĐH,NQ,HĐĐH,79615,0.2991845144311512,ngày 28 tháng 4 năm 2023,2023-04-28,True,Phan Minh Đức,,Chủ tịch,4,2,"AMENDS,REPLACES",3,20,
0239,4513/ĐHĐN-TCCB,CV,ĐHĐN,3583,0.3076923076923077,ngày 25 tháng 11 năm 2022,2022-11-25,True,Lê Thành Bắc,PGS.TS,Phó giám đốc,0,0,,0,0,
0245,100/2015/QH13,L,QH13,559970,0.3142933960324531,"Bộ luật này đã được Quốc hội nước Cộng hòa xã hội chủ nghĩa Việt
Nam khóa XIII, kỳ họp thứ 10 thông qua ngày 27 tháng 11 năm 2015",2015-11-27,True,Nguyễn Sinh Hùng,,,1,0,,425,1135,
0246,12/2017/QH14,L,QH14,625477,0.31469432702896355,ngày 27 tháng 11 năm 2015,2015-11-27,True,Nguyễn Hạnh Phúc,,Chủ nhiệm,1,5,"AMENDED_BY,AMENDS,REPEALED_BY,REPLACED_BY",426,574,
0254,3496/QĐ-ĐHĐN,QĐ,ĐHĐN,30111,0.3107649383864218,ngày 29 tháng 11 năm 2005,2005-11-29,True,Nguyễn Ngọc Vũ,PGS.TS,Giám đốc,8,0,,24,82,
0258,12/2023/TT-BNV,TT,BNV,5852,0.29289561426006666,ngày 08 tháng 8 năm 2023,2023-08-08,True,Phạm Thị Thanh Trà,,Bộ trưởng,3,4,"AMENDS,REPEALS",2,10,
0261,4794/QĐ-ĐHĐN,QĐ,ĐHĐN,60175,0.3148929049531459,ngày 10 tháng 11 năm 2023,2023-11-10,True,Nguyễn Ngọc Vũ,PGS.TS,Giám đốc,15,0,,3,46,
0262,4347/QĐ-ĐHBK,QĐ,ĐHBK,11413,0.293719806763285,ngày 17 tháng 11 năm 2023,2023-11-17,True,Nguyễn Hữu Hiếu,PGS.TS,Hiệu trưởng,7,0,,12,32,
0263,5005/QĐ-ĐHĐN,QĐ,ĐHĐN,20773,0.31162532908410695,ngày 27 tháng 11 năm 2023,2023-11-27,True,Nguyễn Ngọc Vũ,PGS.TS,Giám đốc,6,2,"AMENDS,REPLACES",12,29,
0265,4799/QĐ-ĐHBK,QĐ,ĐHBK,16353,0.29971009549795363,ngày 15 tháng 12 năm 2023,2023-12-15,True,Nguyễn Hữu Hiếu,PGS.TS,Hiệu trưởng,8,1,AMENDS,11,22,
0273,4796/ĐHĐN-TCCB,CV,ĐHĐN,3597,0.3083300434267667,ngày 12 tháng 11 năm 2023,2023-11-12,True,Nguyễn Ngọc Vũ,PGS.TS,Giám đốc,0,0,,0,0,
0286,48/2023/NĐ-CP,NĐ,CP,6005,0.31171299596103585,Ngày 26-7-2023,2023-07-26,True,Phạm Minh Chính,,Thủ tướng,3,1,AMENDS,3,13,
0314,1251/QĐ-ĐHĐN,QĐ,ĐHĐN,33372,0.297507857111239,ngày 04 tháng 4 năm 2024,2024-04-04,True,Nguyễn Ngọc Vũ,PGS.TS,Giám đốc,6,1,AMENDS,3,63,
0315,1155/QĐ-ĐHĐN,QĐ,ĐHĐN,47899,0.31501301706682094,ngày 29 tháng 3 năm 2024,2024-03-29,True,Nguyễn Ngọc Vũ,PGS.TS,Giám đốc,6,1,AMENDS,4,56,
0316,4/2024/TT-BGDĐT,TT,BGDĐT,7257,0.2968001532860701,ngày 29 tháng 03 năm 2024,2024-03-29,True,Phạm Ngọc Thưởng,,Thứ trưởng,2,0,,8,15,
0317,5/2024/TT-BGDĐT,TT,BGDĐT,13568,0.28836346777932315,ngày 29 tháng 03 năm 2024,2024-03-29,True,Phạm Ngọc Thưởng,,Thứ trưởng,4,3,"AMENDED_BY,AMENDS",8,23,
0318,1/2024/TT-BGDĐT,TT,BGDĐT,51514,0.2994768562425429,ngày 05 tháng 02 năm 2024,2024-02-05,True,Hoàng Minh Sơn,,Thứ trưởng,2,1,REPEALS,4,30,
0319,85/2023/NĐ-CP,NĐ,CP,73545,0.2984479539442975,ngày 07 tháng 12 năm 2023,2023-12-07,True,Trần Lưu Quang,,Phó thủ tướng,3,1,AMENDS,3,133,
0355,1559/QĐ-BGDĐT,QĐ,BGDĐT,9503,0.3164637039380041,ngày 04 tháng 06 năm 2024,2024-06-04,True,Nguyễn Kim Sơn,,Bộ trưởng,5,1,AMENDS,7,18,
0356,9/2024/TT-BGDĐT,TT,BGDĐT,42483,0.29279917112761183,ngày 03 tháng 06 năm 2024,2024-06-03,True,Hoàng Minh Sơn,,Thứ trưởng,4,1,REPLACES,17,77,
0359,2888/QĐ-ĐHBK,QĐ,ĐHBK,12311,0.3068712474983322,ngày 17 tháng 7 năm 2024,2024-07-17,True,Nguyễn Hữu Hiếu,,Hiệu trưởng,6,0,,17,41,
0360,2060/QĐ-BGDĐT,QĐ,BGDĐT,11130,0.292755787901419,ngày 05 tháng 08 năm 2024,2024-08-05,True,Hoàng Minh Sơn,,Thứ trưởng,6,1,AMENDS,3,0,
0367,3686/QĐ-ĐHĐN,QĐ,ĐHĐN,6408,0.32142857142857145,ngày 04 tháng 9 năm 2024,2024-09-04,True,Nguyễn Ngọc Vũ,PGS.TS,Giám đốc,7,1,AMENDS,3,3,
0372,4311/QĐ-ĐHBK,QĐ,ĐHBK,23540,0.29441111461951375,ngày 17 tháng 10 năm 2024,2024-10-17,True,Nguyễn Hữu Hiếu,PGS.TS,Hiệu trưởng,5,0,,14,54,
0373,3086/QĐ-BGDĐT,QĐ,BGDĐT,100252,0.3180942347412634,ngày 23 tháng 10 năm 2024,2024-10-23,True,Nguyễn Kim Sơn,,Bộ trưởng,6,2,"AMENDS,REPLACES",28,126,
0388,144/QĐ-ĐHĐN,QĐ,ĐHĐN,13584,0.2907157101706182,ngày 15 tháng 01 năm 2025,2025-01-15,True,Nguyễn Ngọc Vũ,PGS.TS,Giám đốc,4,0,,8,12,
0390,3/2025/TT-BGDĐT,TT,BGDĐT,18178,0.31127083168786035,ngày 07 tháng 02 năm 2025,2025-02-07,True,Hoàng Minh Sơn,,Thứ trưởng,2,0,,12,26,
0391,595/QĐ-ĐHBK,QĐ,ĐHBK,92258,0.31014962185935246,ngày 17 tháng 02 năm 2025,2025-02-17,True,Nguyễn Hữu Hiếu,PGS.TS,Hiệu trưởng,4,0,,28,126,
0400,50/2024/QH15,L,QH15,51486,0.2955298232597578,"Luật này được Quốc hội nước Cộng hòa xã hội chủ nghĩa Việt Nam khóa XV, kỳ họp thứ 8 thông qua ngày 27 tháng 11 năm 2024",2024-11-27,True,Trần Thanh Mẫn,,Chủ tịch,1,0,,37,159,
0402,51/2024/QH15,L,QH15,51669,0.2968875141539396,"Luật này được Quốc hội nước Cộng hòa xã hội chủ nghĩa Việt Nam khóa XV, kỳ họp thứ 8 thông qua ngày 27 tháng 11 năm 2024",2024-11-27,True,Trần Thanh Mẫn,,Chủ tịch,1,2,"AMENDED_BY,AMENDS",4,117,
0405,800/QĐ-ĐHBK,QĐ,ĐHBK,48173,0.29034269957983194,ngày 01 tháng 3 năm 2024,2024-03-01,True,Nguyễn Hữu Hiếu,PGS.TS,Hiệu trưởng,13,2,"REPEALS,REPLACED_BY",3,4,
0406,1478/QĐ-ĐHBK,QĐ,ĐHBK,22098,0.2957295140932575,ngày 19 tháng 4 năm 2024,2024-04-19,True,Nguyễn Hữu Hiếu,PGS.TS,Hiệu trưởng,8,1,REPLACES,3,5,
0422,1353/QĐ-ĐHĐN,QĐ,ĐHĐN,21035,0.2916039928893751,ngày 4 tháng 4 năm 2025,2025-04-04,True,Nguyễn Mạnh Toàn,PGS.TS,Phó giám đốc,7,0,,3,19,
0423,1137/QĐ-BGDĐT,QĐ,BGDĐT,119373,0.2804752428889149,ngày 24 tháng 04 năm 2025,2025-04-24,True,Phạm Ngọc Thưởng,,Thứ trưởng,5,5,"AMENDED_BY,AMENDS",3,40,
0424,2061/QĐ-ĐHBK,QĐ,ĐHBK,18370,0.2862425477322466,ngày 26 tháng 4 năm 2025,2025-04-26,True,Huỳnh Phương Nam,TS,Phó hiệu trưởng,8,0,,3,19,
0425,1195/QĐ-BGDĐT,QĐ,BGDĐT,209958,0.30573542696760936,ngày 29 tháng 04 năm 2025,2025-04-29,True,Lê Tấn Dũng,,Thứ trưởng,9,4,"AMENDED_BY,AMENDS",8,253,
0426,2155/QĐ-ĐHBK,QĐ,ĐHBK,27737,0.30885774859093024,ngày 05 tháng 5 năm 2025,2025-05-05,True,Nguyễn Hữu Hiếu,PGS.TS,Hiệu trưởng,11,0,,25,68,
0428,8/2025/TT-BGDĐT,TT,BGDĐT,84530,0.29727407778632925,ngày 12 tháng 5 năm 2025,2025-05-12,True,Lê Tấn Dũng,,Thứ trưởng,3,1,REPLACES,5,11,
0430,1236/QĐ-BGDĐT,QĐ,BGDĐT,13533,0.31508739650413986,ngày 08 tháng 05 năm 2025,2025-05-08,True,Nguyễn Kim Sơn,,Bộ trưởng,4,0,,8,64,
0433,19/2024/TT-BGDĐT,TT,BGDĐT,6079,0.30434782608695654,ngày 28 tháng 11 năm 2024,2024-11-28,True,Hoàng Minh Sơn,,Thứ trưởng,4,1,REPLACES,6,14,
0436,1974/QĐ-ĐHĐN,QĐ,ĐHĐN,38352,0.30811059907834104,ngày 27 tháng 5 năm 2025,2025-05-27,True,Nguyễn Ngọc Vũ,PGS.TS,Giám đốc,7,2,"AMENDS,REPLACES",20,44,
0437,32/NQ-HĐĐH,NQ,HĐĐH,46015,0.2963204941644641,ngày 02 tháng 6 năm 2025,2025-06-02,True,Phan Minh Đức,,Chủ tịch,9,1,REPLACES,34,127,
0438,2157/ĐHĐN-TCCB,CV,ĐHĐN,18215,0.3154488859764089,ngày 09 tháng 6 năm 2025,2025-06-09,True,Nguyễn Kim Sơn,,Bộ trưởng,4,0,,8,64,
0440,1818/QĐ-BGDĐT,QĐ,BGDĐT,110612,0.31668679853037396,ngày 30 tháng 6 năm 2025,2025-06-30,True,Nguyễn Kim Sơn,,Bộ trưởng,6,1,AMENDS,29,107,
0442,2358/QĐ-BGDĐT,QĐ,BGDĐT,28982,0.2976974498638277,ngày 20 tháng 8 năm 2025,2025-08-20,True,Nguyễn Kim Sơn,,Bộ trưởng,1,0,,3,17,
0443,4303/QĐ-ĐHBK,QĐ,ĐHBK,59733,0.2883781144245838,ngày 29 tháng 8 năm 2025,2025-08-29,True,Nguyễn Hữu Hiếu,PGS.TS,Hiệu trưởng,5,0,,25,69,
0445,3699/QĐ-ĐHĐN,QĐ,ĐHĐN,9007,0.32528205943111393,ngày 26 tháng 9 năm 2025,2025-09-26,True,Nguyễn Ngọc Vũ,PGS.TS,Giám đốc,7,1,AMENDS,3,6,
0448,5247/QĐ-ĐHBK,QĐ,ĐHBK,58551,0.300112035469953,ngày 24 tháng 10 năm 2025,2025-10-24,True,Nguyễn Hữu Hiếu,PGS.TS,Hiệu trưởng,9,0,,3,85,
0451,3571/QĐ-BGDĐT,QĐ,BGDĐT,15051,0.3142402545743834,ngày 26 tháng 11 năm 2025,2025-11-26,True,Lê Quân,,Thứ trưởng,3,0,,3,19,
0457,73/2025/QH15,L,QH15,39098,0.29772292716843385,"Luật này được Quốc hội nước Cộng hòa xã hội chủ nghĩa Việt Nam khóa
XV, kỳ họp thứ 9 thông qua ngày 16 tháng 6 năm 2025",2025-06-16,True,Trần Thanh Mẫn,,Chủ tịch,0,1,AMENDS,42,137,
0458,123/2025/QH15,L,QH15,37943,0.3029132522291614,"Luật này được Quốc hội nước Cộng hòa xã hội chủ nghĩa Việt Nam khóa XV,
Kỳ họp thứ 10 thông qua ngày 10 tháng 12 năm 2025",2025-12-10,True,Trần Thanh Mẫn,,Chủ tịch,0,1,AMENDS,3,87,
0469,31/2026/TT-BGDĐT,TT,BGDĐT,27324,0.31479433878814683,ngày 14 tháng 04 năm 2026,2026-04-14,True,Phạm Ngọc Thưởng,,Thứ trưởng,5,3,AMENDS,17,47,
0471,26/2026/TT-BGDĐT,TT,BGDĐT,20520,0.29773333333333335,ngày 09 tháng 04 năm 2026,2026-04-09,True,Phạm Ngọc Thưởng,,Thứ trưởng,4,1,AMENDS,10,29,
0476,1060/QĐ-BGDĐT,QĐ,BGDĐT,72097,0.31681860561483477,ngày 04 tháng 05 năm 2026,2026-05-04,True,Lê Quân,,Thứ trưởng,2,0,,9,33,
0478,2152/QĐ-ĐHĐN,QĐ,ĐHĐN,47751,0.2952805755395683,ngày 04 tháng 6 năm 2026,2026-06-04,True,Nguyễn Ngọc Vũ,PGS.TS,Giám đốc,8,0,,35,131,
0484,129/2025/QH15,L,QH15,42269,0.29865412680395653,"Luật này được Quốc hội nước Cộng hòa xã hội chủ nghĩa Việt Nam khóa XV,
Kỳ họp thứ 10 thông qua ngày 10 tháng 12 năm 2025",2025-12-10,True,Trần Thanh Mẫn,,Chủ tịch,0,1,AMENDED_BY,43,167,
0485,259/2026/NĐ-CP,NĐ,CP,166073,0.30038140774129973,ngày 30 tháng 6 năm 2026,2026-06-30,True,Phạm Thị Thanh Trà,,Phó thủ tướng,4,5,"AMENDED_BY,AMENDS,REPEALS",78,301,
0486,232/2026/NĐ-CP,NĐ,CP,75424,0.30142834344079156,ngày 26 tháng 6 năm 2026,2026-06-26,True,Phạm Thị Thanh Trà,,Phó thủ tướng,4,0,,19,108,
0487,182/2026/NĐ-CP,NĐ,CP,18288,0.3102128311131527,Ngày 07-06-2026,2026-06-07,True,Phạm Thị Thanh Trà,,Phó thủ tướng,9,2,REPEALS,11,44,
0488,783/QC-ĐHBK,QC,ĐHBK,10932,0.29826302729528537,ngày 13 tháng 02 năm 2026,2026-02-13,True,Nguyễn Hữu Hiếu,PGS.TS,Hiệu trưởng,0,0,,15,33,
0071,1616/QĐ-ĐHBK,QĐ,ĐHBK,51222,0.311958311958312,ngày 13 tháng 5 năm 2022,2022-05-13,True,Đoàn Quang Vinh,PGS.TS,Hiệu trưởng,8,0,,48,131,
0072,479/QĐ-ĐHBK,QĐ,ĐHBK,59875,0.2976836368140716,ngày 21 tháng 02 năm 2022,2022-02-21,True,Đoàn Quang Vinh,PGS.TS,Hiệu trưởng,9,0,,23,129,
0079,2465/QĐ-ĐHBK,QĐ,ĐHBK,16980,0.297694553508507,ngày 01 tháng 10 năm 2021,2021-10-01,True,Đoàn Quang Vinh,PGS.TS,Hiệu trưởng,6,1,REPLACES,3,18,
0155,4801/QĐ-ĐHĐN,QĐ,ĐHĐN,51854,0.31487362886652964,ngày 30 tháng 12 năm 2020,2020-12-30,True,Nguyễn Ngọc Vũ,PGS.TS,Giám đốc,8,1,REPLACES,48,154,
0393,33/2024/QH15,L,QH15,74019,0.3016949796678448,"Luật này được Quốc hội nước Cộng hòa xã hội chủ nghĩa Việt Nam khóa XV,
kỳ họp thứ 7 thông qua ngày 21 tháng 6 năm 2024",2024-06-21,True,Trần Thanh Mẫn,,Chủ tịch,1,2,AMENDED_BY,65,261,
0033,1562/QĐ-ĐHBK,QĐ,ĐHBK,45613,0.2915921983060067,ngày 02 tháng 6 năm 2021,2021-06-02,True,Đoàn Quang Vinh,PGS.TS,Hiệu trưởng,7,0,,32,86,
0034,1274/QĐ-ĐHBK,QĐ,ĐHBK,10209,0.29114518147684604,ngày 08 tháng 5 năm 2019,2019-05-08,True,Đoàn Quang Vinh,PGS.TS,Hiệu trưởng,4,0,,3,0,
0035,4/QĐ-ĐHBK,QĐ,ĐHBK,196297,0.3023688438447507,ngày 02 tháng 01 năm 2020,2020-01-02,True,Đoàn Quang Vinh,PGS.TS,Hiệu trưởng,5,1,REPLACES,34,204,
0038,405/QĐ-ĐHBK,QĐ,ĐHBK,57812,0.3088970501125459,ngày 05 tháng 03 năm 2019,2019-03-05,True,Đoàn Quang Vinh,PGS.TS,Hiệu trưởng,7,1,AMENDED_BY,37,145,
0039,806/QĐ-ĐHBK,QĐ,ĐHBK,25006,0.2979076718698107,ngày 30 tháng 3 năm 2021,2021-03-30,True,Đoàn Quang Vinh,PGS.TS,Hiệu trưởng,11,0,,26,66,
0040,1345/QĐ-ĐHBK,QĐ,ĐHBK,12264,0.2931419832960828,ngày 13 tháng 5 năm 2019,2019-05-13,True,Đoàn Quang Vinh,PGS.TS,Hiệu trưởng,8,0,,12,13,
0041,1779/QĐ-ĐHBK,QĐ,ĐHBK,10200,0.3083549842745795,ngày 18 tháng 6 năm 2019,2019-06-18,True,Đoàn Quang Vinh,PGS.TS,Hiệu trưởng,7,1,REPLACED_BY,13,26,
0042,1394/QĐ-ĐHBK,QĐ,ĐHBK,8083,0.30091237734549836,ngày 11 tháng 5 năm 2021,2021-05-11,True,Đoàn Quang Vinh,PGS.TS,Hiệu trưởng,7,0,,3,5,
0043,1395/QĐ-ĐHBK,QĐ,ĐHBK,38620,0.30469360221543706,ngày 11 tháng 5 năm 2021,2021-05-11,True,Đoàn Quang Vinh,PGS.TS,Hiệu trưởng,7,0,,38,153,
0044,1980/QĐ-ĐHBK,QĐ,ĐHBK,59466,0.286321660418762,ngày 18 tháng 7 năm 2019,2019-07-18,True,Đoàn Quang Vinh,PGS.TS,Hiệu trưởng,5,0,,38,135,
0061,1606/HD-ĐHBK,HD,ĐHBK,20643,0.2887787610619469,ngày 15 tháng 6 năm 2021,2021-06-15,True,Đoàn Quang Vinh,PGS.TS,Hiệu trưởng,0,0,,0,0,
0063,2244/QĐ-ĐHBK,QĐ,ĐHBK,49454,0.3042071197411003,ngày 15 tháng 9 năm 2021,2021-09-15,True,Đoàn Quang Vinh,PGS.TS,Hiệu trưởng,8,1,REPLACES,29,104,
0067,3604/QĐ-ĐHBK,QĐ,ĐHBK,79894,0.31027040093932384,ngày 30 tháng 12 năm 2021,2021-12-30,True,Đoàn Quang Vinh,PGS.TS,Hiệu trưởng,10,1,REPLACES,41,180,
0125,69/QĐ-TTG,QĐ,TTg,19546,0.30422298480285737,ngày 15 tháng 01 năm 2019,2019-01-15,True,Vũ Đức Đam,,Phó thủ tướng,4,0,,3,25,
0126,18/2017/QĐ-TTG,QĐ,TTg,13525,0.30585988541561965,Ngày 14-6-2017,2017-06-14,True,Vũ Đức Đam,,Phó thủ tướng,4,1,REPEALS,10,24,
0140,821/QĐ-BGDĐT,QĐ,BGDĐT,14415,0.29336984158028556,ngày 24 tháng 3 năm 2020,2020-03-24,True,Nguyễn Hữu Độ,,Thứ trưởng,4,1,REPLACES,16,23,
0141,1/2017/QĐ-TTG,QĐ,TTg,37386,0.284,ngày 17 tháng 01 năm 2017,2017-01-17,True,Nguyễn Xuân Phúc,,Thủ tướng,5,1,REPLACES,4,54,
0143,46/2021/TT-BGDĐT,TT,BGDĐT,10179,0.28946600525240734,ngày 31 tháng 12 năm 2021,2021-12-31,True,Nguyễn Văn Phúc,,Thứ trưởng,2,3,AMENDS,3,32,
0144,24/2021/TT-BGDĐT,TT,BGDĐT,12171,0.29354207436399216,ngày 08 tháng 09 năm 2021,2021-09-08,True,Nguyễn Hữu Độ,,Thứ trưởng,3,0,,3,18,
0146,17/2021/TT-BGDĐT,TT,BGDĐT,41728,0.3152016011879782,ngày 22 tháng 6 năm 2021,2021-06-22,True,Hoàng Minh Sơn,,Thứ trưởng,5,1,REPLACES,22,90,
0147,8/2021/TT-BGDĐT,TT,BGDĐT,41989,0.3105823214518867,ngày 18 tháng 03 năm 2021,2021-03-18,True,Hoàng Minh Sơn,,Thứ trưởng,4,1,REPLACES,25,88,
0148,38/2020/TT-BGDĐT,TT,BGDĐT,13643,0.31582598354969776,ngày 06 tháng 10 năm 2020,2020-10-06,True,Nguyễn Văn Phúc,,Thứ trưởng,4,1,AMENDS,11,36,
0149,30/2020/TT-BGDĐT,TT,BGDĐT,8812,0.2899486669978473,ngày 15 tháng 09 năm 2020,2020-09-15,True,Phùng Xuân Nhạ,,Bộ trưởng,2,0,,4,33,
0156,2858/QĐ-ĐHĐN,QĐ,ĐHĐN,5948,0.308868501529052,ngày 06 tháng 8 năm 2021,2021-08-06,True,Lê Thành Bắc,PGS.TS,Phó giám đốc,5,0,,3,3,
0174,2058/QĐ-ĐHĐN,QĐ,ĐHĐN,11498,0.3104800380228137,ngày 04 tháng 6 năm 2021,2021-06-04,True,Lê Thành Bắc,PGS.TS,Phó giám đốc,7,0,,13,27,
0185,1356/QĐ-ĐHĐN,QĐ,ĐHĐN,24362,0.30705472951597595,ngày 22 tháng 4 năm 2020,2020-04-22,True,Lê Thành Bắc,PGS.TS,Phó giám đốc,6,1,REPLACES,21,31,
0195,436/QĐ-TTG,QĐ,TTg,13150,0.29073415603430247,ngày 30 tháng 3 năm 2020,2020-03-30,True,Nguyễn Xuân Phúc,,Thủ tướng,5,0,,3,17,
0199,9/2022/TT-BGDĐT,TT,BGDĐT,72890,0.28397145070266683,ngày 06 tháng 6 năm 2022,2022-06-06,True,Hoàng Minh Sơn,,Thứ trưởng,5,1,REPLACES,13,33,
0206,3240/QĐ-ĐHBK,QĐ,ĐHBK,19813,0.30915032679738563,ngày 19 tháng 8 năm 2022,2022-08-19,True,Đoàn Quang Vinh,PGS.TS,Hiệu trưởng,11,1,REPLACES,10,27,
0210,4511/QĐ-ĐHBK,QĐ,ĐHBK,27095,0.2819334389857369,ngày 22 tháng 11 năm 2022,2022-11-22,True,Đoàn Quang Vinh,PGS.TS,Hiệu trưởng,9,3,"AMENDED_BY,REPLACES",14,58,
0212,3875/QĐ-ĐHBK,QĐ,ĐHBK,57189,0.31291159928856416,ngày 12 tháng 10 năm 2022,2022-10-12,True,Đoàn Quang Vinh,PGS.TS,Hiệu trưởng,12,0,,37,128,
0220,29/QĐ-ĐHBK,QĐ,ĐHBK,27999,0.29815548705905376,ngày 09 tháng 01 năm 2017,2017-01-09,True,Lê Kim Hùng,GS.TS,Hiệu trưởng,5,1,AMENDED_BY,9,19,
0221,1274/QĐ-ĐHBK,QĐ,ĐHBK,7741,0.2929924919556668,ngày 08 tháng 5 năm 2019,2019-05-08,True,Đoàn Quang Vinh,PGS.TS,Hiệu trưởng,4,0,,3,0,
0223,840/QĐ-ĐHBK,QĐ,ĐHBK,23968,0.28249436513899323,ngày 28 tháng 02 năm 2023,2023-02-28,True,Nguyễn Hữu Hiếu,PGS.TS,Hiệu trưởng,9,1,REPEALS,13,33,
0224,866/QĐ-ĐHĐN,QĐ,ĐHĐN,21489,0.30575698341635665,ngày 09 tháng 3 năm 2023,2023-03-09,True,Lê Thành Bắc,PGS.TS,Phó giám đốc,7,0,,19,68,
0227,2852/QĐ-ĐHĐN,QĐ,ĐHĐN,10438,0.2978194866133039,ngày 05 tháng 7 năm 2023,2023-07-05,True,Lê Thành Bắc,PGS.TS,Phó giám đốc,5,0,,10,14,
0240,4305/QĐ-ĐHĐN,QĐ,ĐHĐN,34298,0.31806276912149867,ngày 08 tháng 01 năm 2022,2022-01-08,True,Lê Thành Bắc,PGS.TS,Phó giám đốc,6,1,REPEALED_BY,12,53,
0242,2367/QĐ-ĐHĐN,QĐ,ĐHĐN,12542,0.29272626318711825,ngày 04/4/1994,1994-04-04,True,Lê Thành Bắc,PGS.TS,Phó giám đốc,6,1,REPLACES,12,28,
0243,8/2012/QH13,L,QH13,76609,0.31863449965383184,"Luật này đã được Quốc hội nước Cộng hòa xã hội chủ nghĩa Việt Nam khóa XIII, kỳ họp thứ 3 thông qua ngày 18 tháng 6 năm 2012",2012-06-18,True,Giang Sơn,,Phó chủ nhiệm,1,0,,73,294,
0264,1982/QĐ-TTG,QĐ,TTg,24556,0.2876918783142618,ngày 18 tháng 10 năm 2016,2016-10-18,True,Vũ Đức Đam,,Phó thủ tướng,5,0,,4,13,
0266,28/2023/TT-BGDĐT,TT,BGDĐT,34020,0.31907728573833977,ngày 28 tháng 12 năm 2023,2023-12-28,True,Hoàng Minh Sơn,,Thứ trưởng,4,1,REPLACES,17,65,
0268,30/2023/TT-BGDĐT,TT,BGDĐT,15960,0.3064486496417417,ngày 29 tháng 12 năm 2023,2023-12-29,True,Hoàng Minh Sơn,,Thứ trưởng,7,1,REPLACES,14,45,
0269,338/QĐ-ĐHBK,QĐ,ĐHBK,240316,0.3027224824355972,ngày 23 tháng 01 năm 2024,2024-01-23,True,Nguyễn Hữu Hiếu,PGS.TS,Hiệu trưởng,6,1,REPLACES,42,267,
0271,30/2023/TT-BGDĐT,TT,BGDĐT,13313,0.3066241514091751,ngày 29 tháng 11 năm 2023,2023-11-29,True,Hoàng Minh Sơn,,Thứ trưởng,7,1,REPLACES,14,45,
0272,4912/QĐ-ĐHĐN,QĐ,ĐHĐN,57397,0.30385695285946507,ngày 20 tháng 11 năm 2023,2023-11-20,True,Lê Thành Bắc,PGS.TS,Phó giám đốc,4,1,REPLACES,15,139,
0313,7/2024/TT-BGDĐT,TT,BGDĐT,13303,0.29782359679266895,ngày 02 tháng 05 năm 2024,2024-05-02,True,Hoàng Minh Sơn,,Thứ trưởng,3,2,"AMENDS,REPLACES",3,11,
0357,1596/QĐ-BGDĐT,QĐ,BGDĐT,10366,0.2866255144032922,ngày 07 tháng 06 năm 2024,2024-06-07,True,Hoàng Minh Sơn,,Thứ trưởng,3,0,,3,0,
0378,4804/QĐ-ĐHĐN,QĐ,ĐHĐN,24664,0.30604778781296443,ngày 19 tháng 11 năm 2024,2024-11-19,True,Lê Thành Bắc,PGS.TS,Phó giám đốc,8,1,REPLACES,19,72,
0379,2640/QĐ-BKHĐT,QĐ,BKHĐT,23285,0.29076892666534887,ngày 21 tháng 11 năm 2024,2024-11-21,True,Nguyễn Chí Dũng,,,3,0,,4,5,
0385,4808/QĐ-ĐHĐN,QĐ,ĐHĐN,22519,0.30466605672461117,ngày 19 tháng 11 năm 2024,2024-11-19,True,Lê Thành Bắc,PGS.TS,Phó giám đốc,8,1,REPLACES,19,72,
0389,2/2025/TT-BGDĐT,TT,BGDĐT,9650,0.299625468164794,ngày 24 tháng 01 năm 2025,2025-01-24,True,Hoàng Minh Sơn,,Thứ trưởng,4,0,,6,26,
0416,1214/QĐ-ĐHBK,QĐ,ĐHBK,88559,0.29842550221050185,ngày 18 tháng 3 năm 2025,2025-03-18,True,Nguyễn Hữu Hiếu,PGS.TS,Hiệu trưởng,7,4,"AMENDED_BY,AMENDS,REPLACED_BY",53,182,
0421,104/KH-UBND,KH,UBND,24313,0.2875514403292181,ngày 09 tháng 4 năm 2025,2025-04-09,True,Nguyễn Thị Anh Thi,,Phó chủ tịch,0,0,,0,0,
0427,1314/QĐ-BGDĐT,QĐ,BGDĐT,32782,0.29592186429061,ngày 13 tháng 05 năm 2025,2025-05-13,True,Hoàng Minh Sơn,,Thứ trưởng,4,0,,4,2,
0434,16/2024/TT-BGDĐT,TT,BGDĐT,23169,0.3044652908067542,ngày 20 tháng 11 năm 2024,2024-11-20,True,Hoàng Minh Sơn,,Thứ trưởng,4,3,"AMENDS,REPEALS,REPLACES",3,24,
0452,4757/QĐ-ĐHĐN,QĐ,ĐHĐN,8242,0.3043394777265745,ngày 24 tháng 12 năm 2025,2025-12-24,True,Lê Thành Bắc,PGS.TS,Phó giám đốc,8,0,,4,9,
0461,10/2026/TT-BGDĐT,TT,BGDĐT,63350,0.2934158721123286,ngày 26 tháng 02 năm 2026,2026-02-26,True,Phạm Ngọc Thưởng,,Thứ trưởng,6,3,"AMENDED_BY,AMENDS,REPLACES",26,201,
0467,754/QĐ-BGDĐT,QĐ,BGDĐT,22006,0.2912244369660885,ngày 31 tháng 03 năm 2026,2026-03-31,True,Phạm Ngọc Thưởng,,Thứ trưởng,2,0,,3,6,
0472,1280/QĐ-ĐHĐN,QĐ,ĐHĐN,1765,0.3418241577649959,ngày 02 tháng 4 năm 2026,2026-04-02,True,Lê Thành Bắc,PGS.TS,Phó giám đốc,4,1,REPLACES,2,0,
0474,1061/QĐ-BGDĐT,QĐ,BGDĐT,28801,0.31095031355523395,ngày 26 tháng 02 năm 2025,2025-02-26,True,Lê Quân,,Phó bộ trưởng,5,0,,4,2,
0475,1050/QĐ-BGDĐT,QĐ,BGDĐT,63461,0.2991433925225306,ngày 04 tháng 5 năm 2026,2026-05-04,True,Lê Quân,,Thứ trưởng,4,0,,4,2,
0489,1841/QĐ-ĐHĐN,QĐ,ĐHĐN,37249,0.3059969053100351,ngày 04/4/1994,1994-04-04,True,Lê Thành Bắc,PGS.TS,Phó giám đốc,7,1,AMENDS,18,94,
0491,62/2026/TT-BGDĐT,TT,BGDĐT,17526,0.29461915869058153,ngày 28 tháng 07 năm 2026,2026-07-28,True,Lê Quân,,Thứ trưởng,16,0,,16,43,
0492,56/2026/TT-BGDĐT,TT,BGDĐT,56899,0.31196063221177156,ngày 07 tháng 07 năm 2026,2026-07-07,True,Lê Quân,,Thứ trưởng,4,1,REPLACES,30,124,
0494,3107/QĐ-ĐHĐN,QĐ,ĐHĐN,32618,0.2767451280435663,ngày 10 tháng 8 năm 2026,2026-08-10,True,,,,0,0,,15,64,
0158,12/2017/TT-BGDĐT,TT,BGDĐT,59361,0.324241383258903,ngày 19 tháng 5 năm 2017,2017-05-19,True,Bùi Văn Ga,,Thứ trưởng,4,2,"AMENDED_BY,REPLACES",29,194,
0159,5778/BGDĐT-QLCL,CV,BGDĐT,3329,0.30032733224222585,ngày 13 tháng 12 năm 2021,2021-12-13,True,Hoàng Minh Sơn,,Phó bộ trưởng,0,0,,0,0,
0160,2085/QLCL-KĐCLGD,CV,QLCL,42348,0.30122832832192437,ngày 31 tháng 12 năm 2020,2020-12-31,True,Lê Mỹ Phong,,,0,1,REPLACES,0,0,
0180,3982/ĐHĐN-ĐBCLGD,CV,ĐHĐN,20587,0.3102986473818133,ngày 12 tháng 11 năm 2020,2020-11-12,True,Lê Quang Sơn,PGS.TS,Phó giám đốc,5,0,,3,7,
0203,11/2022/TT-BGDĐT,TT,BGDĐT,11396,0.29578985246491546,ngày 26 tháng 07 năm 2022,2022-07-26,True,Nguyễn Hữu Độ,,Thứ trưởng,3,0,,6,19,
0214,1394/QĐ-ĐHBK,QĐ,ĐHBK,8087,0.30098089829633456,ngày 14 tháng 5 năm 2021,2021-05-14,True,Đoàn Quang Vinh,PGS.TS,Hiệu trưởng,7,0,,3,5,
0215,1395/QĐ-ĐHBK,QĐ,ĐHBK,36522,0.3060291527710121,ngày 14 tháng 5 năm 2021,2021-05-14,True,Đoàn Quang Vinh,PGS.TS,Hiệu trưởng,7,0,,38,128,
0216,4/2016/TT-BGDĐT,TT,BGDĐT,16518,0.33153137933947124,Ngày 29-3-2016,2016-03-29,True,Bùi Văn Ga,,Thứ trưởng,6,2,AMENDS,22,66,
0217,33/2014/TT-BGDĐT,TT,BGDĐT,27414,0.3175537486905771,Ngày 20-10-2014,2014-10-20,True,Bùi Văn Ga,,Thứ trưởng,6,2,AMENDS,17,53,
0218,49/2012/TT-BGDĐT,TT,BGDĐT,21960,0.3123387654942428,Ngày 31-12-2012,2012-12-31,True,Bùi Văn Ga,,Thứ trưởng,5,2,"AMENDS,REPLACES",15,45,
0231,3109/QĐ-ĐHĐN,QĐ,ĐHĐN,19502,0.30415193733971024,ngày 24 tháng 7 năm 2023,2023-07-24,True,Lê Quang Sơn,PGS.TS,Phó giám đốc,5,1,REPLACES,3,5,
0411,4/2025/TT-BGDĐT,TT,BGDĐT,196607,0.31412410394265233,ngày 17 tháng 02 năm 2025,2025-02-17,True,Hoàng Minh Sơn,,Thứ trưởng,5,1,REPLACES,52,321,
0441,3707/QĐ-ĐHBK,QĐ,ĐHBK,9399,0.29746651135701807,ngày 25 tháng 7 năm 2025,2025-07-25,True,Nguyễn Hữu Hiếu,PGS.TS,Hiệu trưởng,7,1,REPLACES,3,0,
0456,245/HD-ĐHĐN,HD,ĐHĐN,42986,0.3108630602158491,ngày 23 tháng 01 năm 2026,2026-01-23,True,Lê Thành Bắc,PGS.TS,Phó giám đốc,1,1,REPLACED_BY,0,0,
0473,20/2026/TT-BGDĐT,TT,BGDĐT,86963,0.3240505136179436,ngày 31 tháng 03 năm 2026,2026-03-31,True,Hoàng Minh Sơn,,Bộ trưởng,4,1,REPLACES,53,205,
